clip_id,source,angle_median,angle_min,angle_max,p1_x,p1_y,p2_x,p2_y,camera_x,camera_y,camera_height,focal_px,n_frames_used,n_frames_hip_fallback,reproj_rmse_px
01chudan-1_09,01chudan-1_norm.mp4,81.98,69.24,89.24,-1.290,-0.567,-0.935,1.072,5.665,-0.018,1.132,1427.5,60,0,2.69
01chudan-1_10,01chudan-1_norm.mp4,82.78,67.10,86.76,-1.275,-0.430,-1.002,1.088,5.665,-0.018,1.132,1427.5,60,0,2.69
01chudan-1_11,01chudan-1_norm.mp4,81.65,68.28,87.59,-1.296,-0.473,-1.008,1.091,5.665,-0.018,1.132,1427.5,60,0,2.69
01chudan-1_12,01chudan-1_norm.mp4,79.82,70.24,87.21,-1.406,-0.504,-1.024,1.093,5.665,-0.018,1.132,1427.5,60,0,2.69
01chudan-1_13,01chudan-1_norm.mp4,82.46,69.93,89.92,-1.266,-0.127,-1.109,0.967,5.665,-0.018,1.132,1427.5,60,0,2.69
01chudan-1_14,01chudan-1_norm.mp4,75.71,64.62,84.19,-1.488,-0.301,-1.022,0.970,5.665,-0.018,1.132,1427.5,60,0,2.69
01chudan-1_15,01chudan-1_norm.mp4,82.91,64.97,89.62,-1.308,-0.107,-1.080,0.970,5.665,-0.018,1.132,1427.5,60,0,2.69
01chudan-1_16,01chudan-1_norm.mp4,81.95,72.85,88.90,-1.369,-0.266,-1.186,1.218,5.665,-0.018,1.132,1427.5,60,0,2.69
01chudan-1_17,01chudan-1_norm.mp4,83.07,71.54,89.99,-1.330,-0.039,-1.139,1.373,5.665,-0.018,1.132,1427.5,60,0,2.69
01chudan-1_18,01chudan-1_norm.mp4,80.56,74.12,89.10,-1.254,0.023,-1.063,1.392,5.665,-0.018,1.132,1427.5,60,0,2.69
01chudan-1_19,01chudan-1_norm.mp4,83.35,69.41,89.37,-1.294,-0.049,-1.003,1.458,5.665,-0.018,1.132,1427.5,60,0,2.69
01chudan-2_11,01chudan-2_norm.mp4,59.83,53.37,77.58,-1.124,-0.762,-0.123,0.857,5.665,-0.018,1.132,1427.5,60,0,2.69
01chudan-2_12,01chudan-2_norm.mp4,58.78,48.22,71.17,-1.131,-0.757,-0.119,0.733,5.665,-0.018,1.132,1427.5,60,0,2.69
01chudan-2_13,01chudan-2_norm.mp4,57.08,45.03,72.68,-1.083,-0.748,-0.045,0.773,5.665,-0.018,1.132,1427.5,60,0,2.69
01chudan-2_14,01chudan-2_norm.mp4,52.45,44.91,70.98,-1.133,-0.752,0.012,0.696,5.665,-0.018,1.132,1427.5,60,0,2.69
01chudan-2_15,01chudan-2_norm.mp4,63.46,51.86,75.60,-0.857,-0.619,-0.287,0.330,5.665,-0.018,1.132,1427.5,60,0,2.69
01chudan-2_16,01chudan-2_norm.mp4,68.60,55.30,89.21,-0.821,-0.625,-0.271,0.443,5.665,-0.018,1.132,1427.5,60,0,2.69
01chudan-2_17,01chudan-2_norm.mp4,63.48,48.26,74.12,-0.883,-0.631,-0.224,0.371,5.665,-0.018,1.132,1427.5,60,0,2.69
01chudan-2_18,01chudan-2_norm.mp4,57.02,43.83,73.45,-0.906,-0.630,-0.311,0.287,5.665,-0.018,1.132,1427.5,60,0,2.69
01chudan-2_19,01chudan-2_norm.mp4,56.18,41.07,78.81,-0.898,-0.657,-0.289,0.382,5.665,-0.018,1.132,1427.5,60,0,2.69
01chudan-2_20,01chudan-2_norm.mp4,51.58,38.03,68.19,-0.950,-0.682,-0.199,0.270,5.665,-0.018,1.132,1427.5,60,0,2.69
01chudan-2_21,01chudan-2_norm.mp4,57.61,40.98,71.83,-0.964,-0.667,-0.329,0.392,5.665,-0.018,1.132,1427.5,60,0,2.69
01chudan-3_09,01chudan-3_norm.mp4,75.82,61.19,88.57,-0.111,-1.100,0.213,0.492,6.346,0.291,1.331,1609.9,60,0,5.42
01chudan-3_10,01chudan-3_norm.mp4,75.39,61.32,88.48,-0.050,-1.116,0.274,0.390,6.346,0.291,1.331,1609.9,60,0,5.42
01chudan-3_11,01chudan-3_norm.mp4,73.56,62.35,85.75,-0.033,-1.111,0.340,0.438,6.346,0.291,1.331,1609.9,60,0,5.42
01chudan-3_12,01chudan-3_norm.mp4,77.06,62.91,88.30,-0.039,-1.117,0.252,0.482,6.346,0.291,1.331,1609.9,60,0,5.42
01chudan-3_13,01chudan-3_norm.mp4,50.81,41.98,88.30,0.005,-0.976,0.588,0.134,6.346,0.291,1.331,1609.9,60,0,5.42
01chudan-3_14,01chudan-3_norm.mp4,70.57,60.14,87.46,0.058,-0.998,0.269,0.032,6.346,0.291,1.331,1609.9,60,0,5.42
01chudan-3_15,01chudan-3_norm.mp4,66.74,58.53,83.70,0.020,-1.003,0.366,0.185,6.346,0.291,1.331,1609.9,60,0,5.42
01chudan-3_16,01chudan-3_norm.mp4,66.11,54.03,89.50,0.055,-0.991,0.379,0.077,6.346,0.291,1.331,1609.9,60,0,5.42
01chudan-3_17,01chudan-3_norm.mp4,64.85,49.25,85.67,0.005,-1.338,0.410,0.059,6.346,0.291,1.331,1609.9,60,0,5.42
01chudan-3_18,01chudan-3_norm.mp4,66.08,50.35,83.93,-0.073,-1.394,0.282,-0.028,6.346,0.291,1.331,1609.9,60,0,5.42
01chudan-3_19,01chudan-3_norm.mp4,65.65,58.00,83.90,-0.091,-1.419,0.241,-0.066,6.346,0.291,1.331,1609.9,60,0,5.42
01chudan-3_20,01chudan-3_norm.mp4,64.91,55.86,84.59,-0.105,-1.466,0.337,0.018,6.346,0.291,1.331,1609.9,60,0,5.42
01chudan-4_11,01chudan-4_norm.mp4,54.75,45.82,63.65,-1.164,-0.832,-0.019,0.762,6.445,0.103,1.355,1630.8,60,0,7.30
01chudan-4_12,01chudan-4_norm.mp4,53.09,45.67,63.36,-1.157,-0.750,0.042,0.756,6.445,0.103,1.355,1630.8,60,0,7.30
01chudan-4_13,01chudan-4_norm.mp4,50.92,43.37,56.02,-1.201,-0.751,-0.039,0.759,6.445,0.103,1.355,1630.8,60,0,7.30
01chudan-4_14,01chudan-4_norm.mp4,53.11,44.79,59.53,-1.190,-0.673,-0.078,0.762,6.445,0.103,1.355,1630.8,60,0,7.30
01chudan-4_15,01chudan-4_norm.mp4,54.15,46.40,62.32,-0.963,-0.448,-0.131,0.637,6.445,0.103,1.355,1630.8,60,0,7.30
01chudan-4_16,01chudan-4_norm.mp4,49.38,45.10,59.71,-1.096,-0.376,-0.189,0.634,6.445,0.103,1.355,1630.8,60,0,7.30
01chudan-4_17,01chudan-4_norm.mp4,49.34,44.20,58.73,-1.016,-0.308,-0.126,0.644,6.445,0.103,1.355,1630.8,60,0,7.30
01chudan-4_18,01chudan-4_norm.mp4,53.60,48.29,63.21,-0.993,-0.437,-0.101,0.658,6.445,0.103,1.355,1630.8,60,0,7.30
01chudan-4_19,01chudan-4_norm.mp4,47.78,38.39,60.92,-1.090,-0.194,-0.063,0.697,6.445,0.103,1.355,1630.8,60,0,7.30
01chudan-4_20,01chudan-4_norm.mp4,50.17,44.33,55.77,-0.857,-0.211,-0.033,0.664,6.445,0.103,1.355,1630.8,60,0,7.30
01chudan-5_09,01chudan-5_norm.mp4,60.49,54.36,74.29,-1.087,-0.184,-0.683,1.298,4.439,-4.576,1.313,2026.5,60,0,2.16
01chudan-5_10,01chudan-5_norm.mp4,60.44,56.34,73.79,-1.104,-0.030,-0.708,1.311,4.439,-4.576,1.313,2026.5,60,0,2.16
01chudan-5_11,01chudan-5_norm.mp4,63.15,59.42,73.66,-1.166,-0.118,-0.710,1.315,4.439,-4.576,1.313,2026.5,60,0,2.16
01chudan-5_12,01chudan-5_norm.mp4,63.15,58.93,75.27,-1.198,-0.122,-0.721,1.332,4.439,-4.576,1.313,2026.5,60,0,2.16
01chudan-5_13,01chudan-5_norm.mp4,77.86,56.41,85.19,-1.338,0.135,-0.796,1.179,4.439,-4.576,1.313,2026.5,60,0,2.16
01chudan-5_14,01chudan-5_norm.mp4,62.55,53.46,75.77,-1.093,0.195,-0.772,1.184,4.439,-4.576,1.313,2026.5,60,0,2.16
01chudan-5_15,01chudan-5_norm.mp4,71.12,62.96,84.54,-1.246,0.149,-0.734,1.157,4.439,-4.576,1.313,2026.5,60,0,2.16
01chudan-5_16,01chudan-5_norm.mp4,63.69,58.55,80.77,-1.141,0.133,-0.773,1.167,4.439,-4.576,1.313,2026.5,60,0,2.16
01chudan-5_17,01chudan-5_norm.mp4,60.65,51.11,76.00,-1.166,0.168,-0.840,1.578,4.439,-4.576,1.313,2026.5,60,0,2.16
01chudan-5_18,01chudan-5_norm.mp4,57.44,50.45,75.23,-1.155,0.323,-0.820,1.640,4.439,-4.576,1.313,2026.5,60,0,2.16
01chudan-5_19,01chudan-5_norm.mp4,57.94,48.03,72.23,-1.087,0.357,-0.766,1.676,4.439,-4.576,1.313,2026.5,60,0,2.16
01chudan-5_20,01chudan-5_norm.mp4,59.71,54.38,75.77,-1.125,0.305,-0.708,1.725,4.439,-4.576,1.313,2026.5,60,0,2.16
01chudan-6_10,01chudan-6_norm.mp4,76.33,64.26,85.20,-0.895,-0.385,0.079,1.286,4.439,-4.576,1.313,2026.5,60,0,2.16
01chudan-6_11,01chudan-6_norm.mp4,77.28,63.01,87.90,-0.850,-0.404,0.106,1.124,4.439,-4.576,1.313,2026.5,60,0,2.16
01chudan-6_12,01chudan-6_norm.mp4,77.65,63.91,89.99,-0.860,-0.382,0.176,1.291,4.439,-4.576,1.313,2026.5,60,0,2.16
01chudan-6_13,01chudan-6_norm.mp4,84.26,70.04,89.57,-0.921,-0.344,0.276,1.051,4.439,-4.576,1.313,2026.5,60,0,2.16
01chudan-6_14,01chudan-6_norm.mp4,79.61,60.23,89.99,-0.772,-0.247,-0.037,0.708,4.439,-4.576,1.313,2026.5,60,0,2.16
01chudan-6_15,01chudan-6_norm.mp4,75.08,57.95,88.12,-0.748,-0.283,-0.069,0.829,4.439,-4.576,1.313,2026.5,60,0,2.16
01chudan-6_16,01chudan-6_norm.mp4,78.46,65.71,89.97,-0.756,-0.288,0.062,0.803,4.439,-4.576,1.313,2026.5,60,0,2.16
01chudan-6_17,01chudan-6_norm.mp4,74.12,63.82,89.77,-0.744,-0.261,0.028,0.892,4.439,-4.576,1.313,2026.5,60,0,2.16
01chudan-6_18,01chudan-6_norm.mp4,79.33,63.48,89.48,-0.717,-0.275,-0.071,0.702,4.439,-4.576,1.313,2026.5,60,0,2.16
01chudan-6_19,01chudan-6_norm.mp4,80.63,60.54,89.84,-0.811,-0.281,-0.107,0.693,4.439,-4.576,1.313,2026.5,60,0,2.16
01chudan-6_20,01chudan-6_norm.mp4,80.33,65.58,89.99,-0.773,-0.331,0.023,0.573,4.439,-4.576,1.313,2026.5,60,0,2.16
01chudan-6_21,01chudan-6_norm.mp4,76.14,63.34,89.96,-0.784,-0.315,-0.085,0.767,4.439,-4.576,1.313,2026.5,60,0,2.16
01chudan-1_01,01chudan-1_norm.mp4,70.04,51.02,85.89,-1.123,0.034,-0.677,0.995,5.665,-0.018,1.132,1427.5,60,0,2.69
01chudan-1_02,01chudan-1_norm.mp4,69.09,51.59,89.76,-1.236,-0.053,-0.735,1.047,5.665,-0.018,1.132,1427.5,60,0,2.69
01chudan-1_03,01chudan-1_norm.mp4,79.61,61.00,87.00,-1.148,-0.102,-0.787,1.080,5.665,-0.018,1.132,1427.5,60,0,2.69
01chudan-1_04,01chudan-1_norm.mp4,64.20,45.91,80.48,-1.257,0.039,-0.578,1.094,5.665,-0.018,1.132,1427.5,60,0,2.69
01chudan-1_05,01chudan-1_norm.mp4,71.94,49.91,82.32,-0.989,0.015,-0.475,1.062,5.665,-0.018,1.132,1427.5,60,0,2.69
01chudan-1_06,01chudan-1_norm.mp4,71.12,47.98,84.07,-1.013,-0.030,-0.472,1.064,5.665,-0.018,1.132,1427.5,60,0,2.69
01chudan-1_07,01chudan-1_norm.mp4,77.70,52.70,88.94,-1.222,0.054,-0.789,1.162,5.665,-0.018,1.132,1427.5,60,0,2.69
01chudan-1_08,01chudan-1_norm.mp4,78.37,56.97,88.22,-1.240,-0.214,-0.903,0.970,5.665,-0.018,1.132,1427.5,60,0,2.69
01chudan-2_01,01chudan-2_norm.mp4,57.61,39.78,76.41,-1.165,-0.809,-0.664,0.106,5.665,-0.018,1.132,1427.5,60,0,2.69
01chudan-2_02,01chudan-2_norm.mp4,65.76,37.13,89.61,-1.086,-0.756,-0.606,0.156,5.665,-0.018,1.132,1427.5,60,0,2.69
01chudan-2_03,01chudan-2_norm.mp4,67.15,42.67,78.03,-1.112,-0.761,-0.561,0.214,5.665,-0.018,1.132,1427.5,60,0,2.69
01chudan-2_04,01chudan-2_norm.mp4,57.31,37.39,83.83,-1.175,-0.770,-0.556,0.155,5.665,-0.018,1.132,1427.5,60,0,2.69
01chudan-2_05,01chudan-2_norm.mp4,61.36,41.89,88.40,-1.074,-0.747,-0.578,0.230,5.665,-0.018,1.132,1427.5,60,0,2.69
01chudan-2_06,01chudan-2_norm.mp4,56.54,43.76,79.78,-1.083,-0.738,-0.495,0.135,5.665,-0.018,1.132,1427.5,60,0,2.69
01chudan-2_07,01chudan-2_norm.mp4,63.93,39.88,75.84,-1.097,-0.733,-0.532,0.204,5.665,-0.018,1.132,1427.5,60,0,2.69
01chudan-2_08,01chudan-2_norm.mp4,64.33,46.62,86.34,-1.065,-0.740,-0.602,0.227,5.665,-0.018,1.132,1427.5,60,0,2.69
01chudan-2_09,01chudan-2_norm.mp4,47.78,28.20,82.80,-1.082,-0.741,-0.385,0.115,5.665,-0.018,1.132,1427.5,60,0,2.69
01chudan-2_10,01chudan-2_norm.mp4,59.01,31.65,74.48,-1.104,-0.742,-0.496,0.022,5.665,-0.018,1.132,1427.5,60,0,2.69
01chudan-3_01,01chudan-3_norm.mp4,58.80,37.07,82.17,-0.412,-1.002,0.154,-0.049,6.346,0.291,1.331,1609.9,60,0,5.42
01chudan-3_02,01chudan-3_norm.mp4,60.17,39.34,85.42,-0.330,-1.050,0.125,-0.020,6.346,0.291,1.331,1609.9,60,0,5.42
01chudan-3_03,01chudan-3_norm.mp4,61.76,44.71,89.92,-0.282,-1.109,0.167,0.049,6.346,0.291,1.331,1609.9,60,0,5.42
01chudan-3_04,01chudan-3_norm.mp4,55.44,37.53,81.55,-0.421,-1.073,0.179,-0.069,6.346,0.291,1.331,1609.9,60,0,5.42
01chudan-3_05,01chudan-3_norm.mp4,61.09,33.79,86.02,-0.544,-1.089,-0.049,-0.052,6.346,0.291,1.331,1609.9,60,0,5.42
01chudan-3_06,01chudan-3_norm.mp4,60.20,35.71,78.74,-0.653,-1.071,0.007,0.022,6.346,0.291,1.331,1609.9,60,0,5.42
01chudan-3_07,01chudan-3_norm.mp4,58.14,35.70,89.12,-0.302,-1.190,0.093,-0.198,6.346,0.291,1.331,1609.9,60,0,5.42
01chudan-3_08,01chudan-3_norm.mp4,64.57,44.51,89.90,-0.157,-0.999,0.298,0.135,6.346,0.291,1.331,1609.9,60,0,5.42
01chudan-4_01,01chudan-4_norm.mp4,55.52,45.54,60.60,-0.681,-0.103,0.048,0.792,6.445,0.103,1.355,1630.8,60,0,7.30
01chudan-4_02,01chudan-4_norm.mp4,55.20,42.74,66.64,-0.723,-0.149,0.050,0.758,6.445,0.103,1.355,1630.8,60,0,7.30
01chudan-4_03,01chudan-4_norm.mp4,53.17,36.14,60.40,-0.870,-0.216,0.056,0.762,6.445,0.103,1.355,1630.8,60,0,7.30
01chudan-4_04,01chudan-4_norm.mp4,52.85,37.69,69.93,-0.743,-0.145,0.035,0.763,6.445,0.103,1.355,1630.8,60,0,7.30
01chudan-4_05,01chudan-4_norm.mp4,50.22,34.46,60.93,-0.831,-0.243,0.075,0.748,6.445,0.103,1.355,1630.8,60,0,7.30
01chudan-4_06,01chudan-4_norm.mp4,52.05,40.01,61.11,-0.712,-0.151,0.069,0.738,6.445,0.103,1.355,1630.8,60,0,7.30
01chudan-4_07,01chudan-4_norm.mp4,46.34,34.42,54.18,-0.981,-0.227,0.135,0.730,6.445,0.103,1.355,1630.8,60,0,7.30
01chudan-4_08,01chudan-4_norm.mp4,51.09,41.05,60.14,-0.851,-0.221,0.078,0.742,6.445,0.103,1.355,1630.8,60,0,7.30
01chudan-4_09,01chudan-4_norm.mp4,46.94,38.17,57.80,-0.865,-0.051,0.062,0.748,6.445,0.103,1.355,1630.8,60,0,7.30
01chudan-4_10,01chudan-4_norm.mp4,45.16,35.36,56.03,-0.911,-0.064,0.039,0.744,6.445,0.103,1.355,1630.8,60,0,7.30
01chudan-5_01,01chudan-5_norm.mp4,80.84,63.00,89.64,-0.986,0.420,-0.344,1.256,4.439,-4.576,1.313,2026.5,60,0,2.16
01chudan-5_02,01chudan-5_norm.mp4,73.23,60.65,89.98,-1.068,0.379,-0.517,1.359,4.439,-4.576,1.313,2026.5,60,0,2.16
01chudan-5_03,01chudan-5_norm.mp4,64.96,58.14,84.84,-0.980,0.261,-0.546,1.374,4.439,-4.576,1.313,2026.5,60,0,2.16
01chudan-5_04,01chudan-5_norm.mp4,77.50,65.74,89.43,-1.052,0.449,-0.369,1.357,4.439,-4.576,1.313,2026.5,60,0,2.16
01chudan-5_05,01chudan-5_norm.mp4,74.02,64.01,88.60,-0.821,0.416,-0.221,1.335,4.439,-4.576,1.313,2026.5,60,0,2.16
01chudan-5_06,01chudan-5_norm.mp4,71.01,62.11,89.15,-0.864,0.369,-0.204,1.297,4.439,-4.576,1.313,2026.5,60,0,2.16
01chudan-5_07,01chudan-5_norm.mp4,64.89,55.93,89.44,-1.028,0.551,-0.543,1.446,4.439,-4.576,1.313,2026.5,60,0,2.16
01chudan-5_08,01chudan-5_norm.mp4,65.97,59.23,87.90,-1.095,0.186,-0.674,1.239,4.439,-4.576,1.313,2026.5,60,0,2.16
01chudan-6_01,01chudan-6_norm.mp4,77.23,61.07,89.80,-0.954,-0.402,-0.354,0.567,4.439,-4.576,1.313,2026.5,60,0,2.16
01chudan-6_05,01chudan-6_norm.mp4,81.34,62.86,89.84,-0.925,-0.407,-0.267,0.561,4.439,-4.576,1.313,2026.5,60,0,2.16
01chudan-6_06,01chudan-6_norm.mp4,77.19,63.63,89.91,-0.962,-0.374,-0.245,0.681,4.439,-4.576,1.313,2026.5,60,0,2.16
01chudan-6_07,01chudan-6_norm.mp4,75.51,60.24,89.74,-0.927,-0.393,-0.287,0.703,4.439,-4.576,1.313,2026.5,60,0,2.16
01chudan-6_08,01chudan-6_norm.mp4,80.16,63.12,89.18,-0.938,-0.380,-0.244,0.599,4.439,-4.576,1.313,2026.5,60,0,2.16
01chudan-6_09,01chudan-6_norm.mp4,75.85,63.18,87.10,-0.960,-0.366,-0.179,0.577,4.439,-4.576,1.313,2026.5,60,0,2.16
01chudan-6_23,01chudan-6_norm.mp4,75.70,61.39,90.00,-0.923,-0.419,-0.318,0.670,4.439,-4.576,1.313,2026.5,60,0,2.16
01chudan-6_24,01chudan-6_norm.mp4,77.70,62.30,88.69,-0.976,-0.386,-0.291,0.599,4.439,-4.576,1.313,2026.5,60,0,2.16
01chudan-6_25,01chudan-6_norm.mp4,77.96,57.27,88.69,-0.970,-0.385,-0.315,0.723,4.439,-4.576,1.313,2026.5,60,0,2.16
02chudankeri-1_09,02chudankeri-1_norm.mp4,65.45,18.11,83.26,-1.538,-0.639,-0.542,1.203,5.711,-0.035,1.130,1434.1,60,0,2.56
02chudankeri-1_10,02chudankeri-1_norm.mp4,64.80,16.93,84.62,-1.271,-0.275,-0.399,1.333,5.711,-0.035,1.130,1434.1,60,0,2.56
02chudankeri-1_11,02chudankeri-1_norm.mp4,68.15,15.19,87.16,-1.385,-0.209,-0.577,1.308,5.711,-0.035,1.130,1434.1,60,0,2.56
02chudankeri-1_12,02chudankeri-1_norm.mp4,70.98,16.11,87.89,-1.088,-0.168,-0.444,1.258,5.711,-0.035,1.130,1434.1,60,0,2.56
02chudankeri-1_13,02chudankeri-1_norm.mp4,72.24,11.49,89.66,-1.021,-0.308,-0.783,0.664,5.711,-0.035,1.130,1434.1,60,0,2.56
02chudankeri-1_14,02chudankeri-1_norm.mp4,70.26,14.01,86.55,-1.243,-0.409,-0.744,0.569,5.711,-0.035,1.130,1434.1,60,0,2.56
02chudankeri-1_15,02chudankeri-1_norm.mp4,75.40,14.97,88.55,-0.948,-0.337,-0.833,0.548,5.711,-0.035,1.130,1434.1,60,0,2.56
02chudankeri-1_16,02chudankeri-1_norm.mp4,69.12,15.78,84.61,-1.098,-0.292,-0.609,0.777,5.711,-0.035,1.130,1434.1,60,0,2.56
02chudankeri-1_17,02chudankeri-1_norm.mp4,74.90,18.21,88.89,-0.925,-0.283,-0.554,1.149,5.711,-0.035,1.130,1434.1,60,0,2.56
02chudankeri-1_18,02chudankeri-1_norm.mp4,71.51,14.60,82.92,-1.123,-0.419,-0.605,0.967,5.711,-0.035,1.130,1434.1,60,0,2.56
02chudankeri-1_19,02chudankeri-1_norm.mp4,74.28,18.40,84.92,-1.162,-0.479,-0.715,0.986,5.711,-0.035,1.130,1434.1,60,0,2.56
02chudankeri-1_20,02chudankeri-1_norm.mp4,74.09,12.96,88.35,-1.216,-0.354,-0.822,0.962,5.711,-0.035,1.130,1434.1,60,0,2.56
02chudankeri-1_21,02chudankeri-1_norm.mp4,71.33,14.47,86.82,-1.348,-0.313,-0.840,1.087,5.711,-0.035,1.130,1434.1,60,0,2.56
02chudankeri-1_22,02chudankeri-1_norm.mp4,71.03,14.16,88.60,-1.388,-0.321,-0.810,1.106,5.711,-0.035,1.130,1434.1,60,0,2.56
02chudankeri-1_23,02chudankeri-1_norm.mp4,74.44,14.95,86.68,-1.507,-0.111,-0.936,1.204,5.711,-0.035,1.130,1434.1,60,0,2.56
02chudankeri-2_06,02chudankeri-2_norm.mp4,41.04,11.56,67.71,-1.988,-1.526,-0.085,0.611,5.711,-0.035,1.130,1434.1,60,0,2.56
02chudankeri-2_07,02chudankeri-2_norm.mp4,56.16,12.07,77.38,-1.110,0.252,-0.078,1.140,5.711,-0.035,1.130,1434.1,60,0,2.56
02chudankeri-2_08,02chudankeri-2_norm.mp4,55.52,15.83,83.25,-1.215,0.089,-0.079,1.223,5.711,-0.035,1.130,1434.1,60,0,2.56
02chudankeri-2_09,02chudankeri-2_norm.mp4,57.42,13.07,81.06,-1.277,-0.432,-0.104,0.919,5.711,-0.035,1.130,1434.1,60,0,2.56
02chudankeri-2_10,02chudankeri-2_norm.mp4,50.10,8.47,77.00,-1.087,-0.236,-0.210,0.533,5.711,-0.035,1.130,1434.1,60,0,2.56
02chudankeri-2_11,02chudankeri-2_norm.mp4,52.33,9.01,77.74,-1.182,-0.385,-0.202,0.482,5.711,-0.035,1.130,1434.1,60,0,2.56
02chudankeri-2_12,02chudankeri-2_norm.mp4,56.23,9.98,79.45,-0.945,-0.380,-0.240,0.479,5.711,-0.035,1.130,1434.1,60,0,2.56
02chudankeri-2_13,02chudankeri-2_norm.mp4,45.59,8.35,70.54,-1.541,-0.326,-0.233,0.460,5.711,-0.035,1.130,1434.1,60,0,2.56
02chudankeri-2_14,02chudankeri-2_norm.mp4,52.97,9.96,69.15,-1.183,0.001,-0.257,0.744,5.711,-0.035,1.130,1434.1,60,0,2.56
02chudankeri-2_15,02chudankeri-2_norm.mp4,45.94,9.65,87.69,-1.432,-0.009,-0.202,0.877,5.711,-0.035,1.130,1434.1,60,0,2.56
02chudankeri-2_16,02chudankeri-2_norm.mp4,48.34,10.25,89.88,-1.599,-0.151,-0.219,0.875,5.711,-0.035,1.130,1434.1,60,0,2.56
02chudankeri-2_17,02chudankeri-2_norm.mp4,44.75,7.95,71.49,-1.448,-0.133,-0.143,0.812,5.711,-0.035,1.130,1434.1,60,0,2.56
02chudankeri-2_18,02chudankeri-2_norm.mp4,34.56,7.93,70.67,-1.814,-0.162,-0.068,0.768,5.711,-0.035,1.130,1434.1,60,0,2.56
02chudankeri-3_09,02chudankeri-3_norm.mp4,70.03,22.54,89.47,-0.469,-1.211,-1.273,0.592,6.427,0.279,1.346,1627.0,60,0,5.97
02chudankeri-3_10,02chudankeri-3_norm.mp4,65.69,21.70,88.95,-0.668,-1.324,-1.123,0.266,6.427,0.279,1.346,1627.0,60,0,5.97
02chudankeri-3_11,02chudankeri-3_norm.mp4,73.01,20.24,89.16,-0.642,-1.255,-1.005,0.205,6.427,0.279,1.346,1627.0,60,0,5.97
02chudankeri-3_12,02chudankeri-3_norm.mp4,73.01,20.24,89.16,-0.642,-1.255,-1.005,0.205,6.427,0.279,1.346,1627.0,60,0,5.97
02chudankeri-3_13,02chudankeri-3_norm.mp4,73.51,22.35,89.75,-0.616,-1.224,-0.936,0.176,6.427,0.279,1.346,1627.0,60,0,5.97
02chudankeri-3_14,02chudankeri-3_norm.mp4,74.59,22.15,89.86,-0.503,-0.600,-0.874,0.317,6.427,0.279,1.346,1627.0,60,0,5.97
02chudankeri-3_15,02chudankeri-3_norm.mp4,75.74,19.42,89.62,-0.576,-0.568,-1.084,0.408,6.427,0.279,1.346,1627.0,60,0,5.97
02chudankeri-3_16,02chudankeri-3_norm.mp4,74.31,19.24,88.46,-0.464,-0.543,-1.015,0.336,6.427,0.279,1.346,1627.0,60,0,5.97
02chudankeri-3_17,02chudankeri-3_norm.mp4,76.12,22.34,89.79,-0.462,-0.763,-0.850,0.287,6.427,0.279,1.346,1627.0,60,0,5.97
02chudankeri-3_18,02chudankeri-3_norm.mp4,75.98,21.12,88.60,-0.583,-1.168,-0.839,0.316,6.427,0.279,1.346,1627.0,60,0,5.97
02chudankeri-3_19,02chudankeri-3_norm.mp4,75.74,17.50,89.71,-0.424,-0.951,-0.938,0.424,6.427,0.279,1.346,1627.0,60,0,5.97
02chudankeri-3_20,02chudankeri-3_norm.mp4,78.54,25.83,88.53,-0.439,-0.943,-0.653,0.475,6.427,0.279,1.346,1627.0,60,0,5.97
02chudankeri-3_21,02chudankeri-3_norm.mp4,74.54,18.44,89.96,-0.452,-0.995,-0.960,0.379,6.427,0.279,1.346,1627.0,60,0,5.97
02chudankeri-3_22,02chudankeri-3_norm.mp4,77.94,22.28,89.86,-0.312,-1.273,-0.691,0.326,6.427,0.279,1.346,1627.0,60,0,5.97
02chudankeri-3_23,02chudankeri-3_norm.mp4,76.19,18.83,88.61,-0.330,-1.070,-0.768,0.338,6.427,0.279,1.346,1627.0,60,0,5.97
02chudankeri-3_26,02chudankeri-3_norm.mp4,70.75,22.11,88.07,-0.185,-1.198,-0.526,0.136,6.427,0.279,1.346,1627.0,60,0,5.97
02chudankeri-4_06,02chudankeri-4_norm.mp4,61.77,19.13,89.82,-0.946,-0.597,-1.516,1.169,6.508,0.164,1.367,1645.5,60,0,6.89
02chudankeri-4_07,02chudankeri-4_norm.mp4,56.55,16.05,89.35,-1.107,-1.141,-1.228,-0.240,6.508,0.164,1.367,1645.5,60,0,6.89
02chudankeri-4_08,02chudankeri-4_norm.mp4,60.18,18.27,88.06,-0.996,-1.193,-1.364,-0.090,6.508,0.164,1.367,1645.5,60,0,6.89
02chudankeri-4_09,02chudankeri-4_norm.mp4,61.11,18.30,87.75,-0.982,-1.051,-1.380,0.226,6.508,0.164,1.367,1645.5,60,0,6.89
02chudankeri-4_10,02chudankeri-4_norm.mp4,54.74,12.49,89.75,-0.913,-0.517,-1.327,0.277,6.508,0.164,1.367,1645.5,60,0,6.89
02chudankeri-4_11,02chudankeri-4_norm.mp4,58.58,11.49,89.31,-0.856,-0.476,-1.289,0.300,6.508,0.164,1.367,1645.5,60,0,6.89
02chudankeri-4_12,02chudankeri-4_norm.mp4,55.60,12.66,89.32,-1.004,-0.483,-1.326,0.327,6.508,0.164,1.367,1645.5,60,0,6.89
02chudankeri-4_13,02chudankeri-4_norm.mp4,48.33,15.97,89.51,-0.912,-0.449,-1.077,0.236,6.508,0.164,1.367,1645.5,60,0,6.89
02chudankeri-4_14,02chudankeri-4_norm.mp4,51.64,12.03,89.15,-0.779,-0.762,-0.903,-0.095,6.508,0.164,1.367,1645.5,60,0,6.89
02chudankeri-4_15,02chudankeri-4_norm.mp4,51.81,13.62,89.29,-0.790,-0.836,-1.791,0.035,6.508,0.164,1.367,1645.5,60,0,6.89
02chudankeri-4_16,02chudankeri-4_norm.mp4,63.09,17.06,88.52,-0.792,-0.835,-1.586,0.236,6.508,0.164,1.367,1645.5,60,0,6.89
02chudankeri-4_17,02chudankeri-4_norm.mp4,52.37,12.97,85.25,-0.993,-0.857,-2.014,0.137,6.508,0.164,1.367,1645.5,60,0,6.89
02chudankeri-5_09,02chudankeri-5_norm.mp4,54.78,16.38,86.16,-0.871,0.013,-0.307,1.427,4.306,-4.468,1.292,1975.8,60,0,5.56
02chudankeri-5_10,02chudankeri-5_norm.mp4,56.93,16.95,89.51,-0.927,0.464,-0.170,1.572,4.306,-4.468,1.292,1975.8,60,0,5.56
02chudankeri-5_11,02chudankeri-5_norm.mp4,56.00,17.37,89.88,-0.939,0.322,-0.314,1.622,4.306,-4.468,1.292,1975.8,60,0,5.56
02chudankeri-5_12,02chudankeri-5_norm.mp4,54.32,21.05,89.63,-0.717,0.202,-0.198,1.498,4.306,-4.468,1.292,1975.8,60,0,5.56
02chudankeri-5_13,02chudankeri-5_norm.mp4,52.02,15.86,85.55,-0.705,0.238,-0.465,1.036,4.306,-4.468,1.292,1975.8,60,0,5.56
02chudankeri-5_14,02chudankeri-5_norm.mp4,54.18,14.54,88.13,-0.798,0.263,-0.485,0.971,4.306,-4.468,1.292,1975.8,60,0,5.56
02chudankeri-5_15,02chudankeri-5_norm.mp4,53.20,14.99,84.54,-0.676,0.192,-0.545,1.029,4.306,-4.468,1.292,1975.8,60,0,5.56
02chudankeri-5_16,02chudankeri-5_norm.mp4,58.35,16.08,89.33,-0.707,0.192,-0.368,1.067,4.306,-4.468,1.292,1975.8,60,0,5.56
02chudankeri-5_17,02chudankeri-5_norm.mp4,53.15,17.67,89.33,-0.633,0.247,-0.264,1.541,4.306,-4.468,1.292,1975.8,60,0,5.56
02chudankeri-5_18,02chudankeri-5_norm.mp4,60.02,12.01,88.74,-0.870,0.238,-0.371,1.302,4.306,-4.468,1.292,1975.8,60,0,5.56
02chudankeri-5_19,02chudankeri-5_norm.mp4,59.96,21.33,89.61,-0.926,0.143,-0.446,1.392,4.306,-4.468,1.292,1975.8,60,0,5.56
02chudankeri-5_20,02chudankeri-5_norm.mp4,55.22,13.37,87.28,-0.891,0.298,-0.440,1.372,4.306,-4.468,1.292,1975.8,60,0,5.56
02chudankeri-5_21,02chudankeri-5_norm.mp4,58.11,17.31,89.98,-1.071,0.238,-0.543,1.522,4.306,-4.468,1.292,1975.8,60,0,5.56
02chudankeri-5_22,02chudankeri-5_norm.mp4,57.40,13.96,87.78,-1.148,0.424,-0.557,1.548,4.306,-4.468,1.292,1975.8,60,0,5.56
02chudankeri-5_23,02chudankeri-5_norm.mp4,58.93,15.43,88.70,-1.147,0.438,-0.649,1.465,4.306,-4.468,1.292,1975.8,60,0,5.56
02chudankeri-6_07,02chudankeri-6_norm.mp4,66.13,16.41,87.40,-1.273,0.011,0.096,0.923,4.306,-4.468,1.292,1975.8,60,0,5.56
02chudankeri-6_08,02chudankeri-6_norm.mp4,58.20,14.44,88.21,-0.751,0.529,0.163,1.412,4.306,-4.468,1.292,1975.8,60,0,5.56
02chudankeri-6_09,02chudankeri-6_norm.mp4,53.21,15.93,88.74,-0.682,0.364,0.121,1.546,4.306,-4.468,1.292,1975.8,60,0,5.56
02chudankeri-6_10,02chudankeri-6_norm.mp4,55.80,13.98,86.41,-0.656,0.194,0.118,1.316,4.306,-4.468,1.292,1975.8,60,0,5.56
02chudankeri-6_11,02chudankeri-6_norm.mp4,59.31,11.95,88.04,-0.651,0.296,0.025,0.854,4.306,-4.468,1.292,1975.8,60,0,5.56
02chudankeri-6_12,02chudankeri-6_norm.mp4,58.05,13.12,84.79,-0.581,0.134,0.024,0.826,4.306,-4.468,1.292,1975.8,60,0,5.56
02chudankeri-6_13,02chudankeri-6_norm.mp4,57.07,12.16,88.78,-0.491,0.163,0.021,0.813,4.306,-4.468,1.292,1975.8,60,0,5.56
02chudankeri-6_14,02chudankeri-6_norm.mp4,68.49,12.30,89.61,-0.927,0.243,-0.017,0.798,4.306,-4.468,1.292,1975.8,60,0,5.56
02chudankeri-6_15,02chudankeri-6_norm.mp4,68.85,12.09,86.04,-0.925,0.483,-0.041,1.060,4.306,-4.468,1.292,1975.8,60,0,5.56
02chudankeri-6_16,02chudankeri-6_norm.mp4,53.06,9.49,86.17,-0.737,0.736,-0.009,1.187,4.306,-4.468,1.292,1975.8,60,0,5.56
02chudankeri-6_17,02chudankeri-6_norm.mp4,58.35,12.23,87.85,-0.880,0.574,0.005,1.137,4.306,-4.468,1.292,1975.8,60,0,5.56
02chudankeri-6_18,02chudankeri-6_norm.mp4,57.64,11.31,89.39,-0.880,0.757,0.082,1.162,4.306,-4.468,1.292,1975.8,60,0,5.56
02chudankeri-6_19,02chudankeri-6_norm.mp4,56.14,9.43,88.93,-0.784,0.865,0.134,1.121,4.306,-4.468,1.292,1975.8,60,0,5.56
02chudankeri-1_01,02chudankeri-1_norm.mp4,63.12,7.20,85.68,-1.180,-0.292,-0.437,0.867,5.711,-0.035,1.130,1434.1,60,0,2.56
02chudankeri-1_02,02chudankeri-1_norm.mp4,68.85,8.18,84.77,-0.994,-0.352,-0.424,0.863,5.711,-0.035,1.130,1434.1,60,0,2.56
02chudankeri-1_03,02chudankeri-1_norm.mp4,57.06,7.78,87.85,-1.323,-0.345,-0.466,0.834,5.711,-0.035,1.130,1434.1,60,0,2.56
02chudankeri-1_04,02chudankeri-1_norm.mp4,55.07,8.14,87.64,-1.252,-0.259,-0.460,0.766,5.711,-0.035,1.130,1434.1,60,0,2.56
02chudankeri-1_05,02chudankeri-1_norm.mp4,72.74,8.51,89.32,-1.033,-0.368,-0.538,0.830,5.711,-0.035,1.130,1434.1,60,0,2.56
02chudankeri-1_06,02chudankeri-1_norm.mp4,63.68,8.67,85.27,-1.084,-0.024,-0.445,0.938,5.711,-0.035,1.130,1434.1,60,0,2.56
02chudankeri-1_07,02chudankeri-1_norm.mp4,62.21,5.25,83.11,-1.134,-0.154,-0.421,0.925,5.711,-0.035,1.130,1434.1,60,0,2.56
02chudankeri-1_08,02chudankeri-1_norm.mp4,65.69,8.60,83.64,-1.032,-0.148,-0.402,0.931,5.711,-0.035,1.130,1434.1,60,0,2.56
02chudankeri-2_01,02chudankeri-2_norm.mp4,29.88,4.45,68.86,-1.614,0.132,-0.199,0.579,5.711,-0.035,1.130,1434.1,60,0,2.56
02chudankeri-2_02,02chudankeri-2_norm.mp4,37.61,4.62,71.63,-1.354,0.052,-0.157,0.578,5.711,-0.035,1.130,1434.1,60,0,2.56
02chudankeri-2_03,02chudankeri-2_norm.mp4,32.30,5.28,74.58,-1.755,-0.411,-0.247,0.581,5.711,-0.035,1.130,1434.1,60,0,2.56
02chudankeri-2_04,02chudankeri-2_norm.mp4,36.70,3.69,72.79,-1.586,-0.416,-0.296,0.544,5.711,-0.035,1.130,1434.1,60,0,2.56
02chudankeri-2_05,02chudankeri-2_norm.mp4,29.43,5.35,79.73,-2.054,-0.334,-0.258,0.545,5.711,-0.035,1.130,1434.1,60,0,2.56
02chudankeri-3_01,02chudankeri-3_norm.mp4,66.79,12.49,89.87,-0.456,-0.863,-1.148,0.312,6.427,0.279,1.346,1627.0,60,0,5.97
02chudankeri-3_02,02chudankeri-3_norm.mp4,74.66,14.47,89.92,-0.516,-0.863,-0.928,0.342,6.427,0.279,1.346,1627.0,60,0,5.97
02chudankeri-3_03,02chudankeri-3_norm.mp4,66.78,13.44,89.79,-0.532,-0.839,-0.861,0.335,6.427,0.279,1.346,1627.0,60,0,5.97
02chudankeri-3_04,02chudankeri-3_norm.mp4,60.89,13.76,89.82,-0.514,-0.772,-0.857,0.272,6.427,0.279,1.346,1627.0,60,0,5.97
02chudankeri-3_05,02chudankeri-3_norm.mp4,76.75,13.64,89.66,-0.417,-0.837,-0.787,0.358,6.427,0.279,1.346,1627.0,60,0,5.97
02chudankeri-3_06,02chudankeri-3_norm.mp4,73.44,12.31,89.56,-0.526,-0.940,-0.859,0.011,6.427,0.279,1.346,1627.0,60,0,5.97
02chudankeri-3_07,02chudankeri-3_norm.mp4,68.41,12.88,89.95,-0.535,-0.922,-0.960,0.145,6.427,0.279,1.346,1627.0,60,0,5.97
02chudankeri-3_08,02chudankeri-3_norm.mp4,67.37,12.81,89.58,-0.572,-0.930,-0.823,0.153,6.427,0.279,1.346,1627.0,60,0,5.97
02chudankeri-4_01,02chudankeri-4_norm.mp4,51.58,8.27,89.89,-0.771,-0.559,-1.368,-0.117,6.508,0.164,1.367,1645.5,60,0,6.89
02chudankeri-4_02,02chudankeri-4_norm.mp4,49.84,7.57,89.69,-0.823,-0.553,-1.178,-0.057,6.508,0.164,1.367,1645.5,60,0,6.89
02chudankeri-4_03,02chudankeri-4_norm.mp4,46.74,7.78,88.26,-0.850,-0.550,-1.850,0.404,6.508,0.164,1.367,1645.5,60,0,6.89
02chudankeri-4_04,02chudankeri-4_norm.mp4,45.42,5.89,88.68,-0.861,-0.532,-1.778,0.386,6.508,0.164,1.367,1645.5,60,0,6.89
02chudankeri-4_05,02chudankeri-4_norm.mp4,38.82,8.27,88.37,-0.863,-0.521,-2.142,0.306,6.508,0.164,1.367,1645.5,60,0,6.89
02chudankeri-5_01,02chudankeri-5_norm.mp4,53.08,8.52,87.76,-0.682,0.344,-0.217,1.104,4.306,-4.468,1.292,1975.8,60,0,5.56
02chudankeri-5_02,02chudankeri-5_norm.mp4,54.65,12.79,87.57,-0.748,0.309,-0.213,1.123,4.306,-4.468,1.292,1975.8,60,0,5.56
02chudankeri-5_03,02chudankeri-5_norm.mp4,49.08,14.09,89.83,-1.027,0.348,-0.239,1.109,4.306,-4.468,1.292,1975.8,60,0,5.56
02chudankeri-5_04,02chudankeri-5_norm.mp4,52.71,10.27,89.07,-0.949,0.338,-0.264,1.065,4.306,-4.468,1.292,1975.8,60,0,5.56
02chudankeri-5_05,02chudankeri-5_norm.mp4,50.03,12.27,85.13,-0.712,0.244,-0.301,1.076,4.306,-4.468,1.292,1975.8,60,0,5.56
02chudankeri-5_06,02chudankeri-5_norm.mp4,55.94,9.58,89.77,-0.717,0.502,-0.177,1.124,4.306,-4.468,1.292,1975.8,60,0,5.56
02chudankeri-5_07,02chudankeri-5_norm.mp4,57.23,10.85,87.54,-0.835,0.508,-0.174,1.138,4.306,-4.468,1.292,1975.8,60,0,5.56
02chudankeri-5_08,02chudankeri-5_norm.mp4,61.53,11.72,87.80,-0.777,0.549,-0.146,1.144,4.306,-4.468,1.292,1975.8,60,0,5.56
02chudankeri-6_01,02chudankeri-6_norm.mp4,50.03,7.40,89.38,-1.085,0.877,-0.038,0.911,4.306,-4.468,1.292,1975.8,60,0,5.56
02chudankeri-6_02,02chudankeri-6_norm.mp4,61.04,7.69,89.42,-0.877,0.682,0.010,0.884,4.306,-4.468,1.292,1975.8,60,0,5.56
02chudankeri-6_03,02chudankeri-6_norm.mp4,51.31,8.09,89.55,-1.019,0.970,-0.121,0.974,4.306,-4.468,1.292,1975.8,60,0,5.56
02chudankeri-6_04,02chudankeri-6_norm.mp4,51.08,11.46,85.20,-0.834,0.875,-0.018,0.869,4.306,-4.468,1.292,1975.8,60,0,5.56
02chudankeri-6_05,02chudankeri-6_norm.mp4,50.90,8.04,88.34,-0.978,0.915,-0.110,0.912,4.306,-4.468,1.292,1975.8,60,0,5.56
02chudankeri-6_06,02chudankeri-6_norm.mp4,41.34,8.40,86.13,-1.129,1.062,-0.097,0.927,4.306,-4.468,1.292,1975.8,60,0,5.56
03jodankeri-1_19,03jodankeri-1_norm.mp4,32.20,11.62,78.20,-3.563,-0.698,-0.779,0.948,5.753,-0.007,1.143,1443.3,60,0,2.97
03jodankeri-1_20,03jodankeri-1_norm.mp4,43.71,8.03,76.15,-2.340,-0.611,-0.725,0.848,5.753,-0.007,1.143,1443.3,60,0,2.97
03jodankeri-1_21,03jodankeri-1_norm.mp4,37.48,6.37,78.21,-2.404,-0.464,-0.619,0.839,5.753,-0.007,1.143,1443.3,60,0,2.97
03jodankeri-1_22,03jodankeri-1_norm.mp4,37.34,8.07,75.51,-2.400,-0.543,-0.515,0.852,5.753,-0.007,1.143,1443.3,60,0,2.97
03jodankeri-1_23,03jodankeri-1_norm.mp4,45.05,9.35,86.25,-2.502,-0.234,-0.821,1.216,5.753,-0.007,1.143,1443.3,60,0,2.97
03jodankeri-1_24,03jodankeri-1_norm.mp4,31.29,6.97,81.21,-3.422,-0.332,-0.693,1.200,5.753,-0.007,1.143,1443.3,60,0,2.97
03jodankeri-1_25,03jodankeri-1_norm.mp4,39.19,8.02,82.49,-2.490,0.101,-0.716,1.216,5.753,-0.007,1.143,1443.3,60,0,2.97
03jodankeri-1_26,03jodankeri-1_norm.mp4,44.14,9.21,81.73,-2.291,0.108,-0.733,1.374,5.753,-0.007,1.143,1443.3,60,0,2.97
03jodankeri-1_27,03jodankeri-1_norm.mp4,42.01,5.25,85.42,-2.439,0.166,-0.704,1.272,5.753,-0.007,1.143,1443.3,60,0,2.97
03jodankeri-1_28,03jodankeri-1_norm.mp4,52.37,9.47,84.79,-1.987,0.017,-0.759,1.287,5.753,-0.007,1.143,1443.3,60,0,2.97
03jodankeri-1_29,03jodankeri-1_norm.mp4,33.63,7.59,85.53,-2.739,0.189,-0.727,1.120,5.753,-0.007,1.143,1443.3,60,0,2.97
03jodankeri-1_30,03jodankeri-1_norm.mp4,33.13,7.38,86.17,-3.053,0.036,-0.759,1.241,5.753,-0.007,1.143,1443.3,60,0,2.97
03jodankeri-2_10,03jodankeri-2_norm.mp4,59.26,12.76,89.36,-0.966,-1.086,-1.536,0.050,5.753,-0.007,1.143,1443.3,60,0,2.97
03jodankeri-2_11,03jodankeri-2_norm.mp4,64.32,12.48,89.58,-1.016,-1.084,-1.551,0.352,5.753,-0.007,1.143,1443.3,60,0,2.97
03jodankeri-2_12,03jodankeri-2_norm.mp4,53.57,12.81,90.00,-1.068,-1.099,-2.291,0.467,5.753,-0.007,1.143,1443.3,60,0,2.97
03jodankeri-2_13,03jodankeri-2_norm.mp4,54.43,13.08,87.21,-1.030,-1.087,-2.182,0.467,5.753,-0.007,1.143,1443.3,60,0,2.97
03jodankeri-2_14,03jodankeri-2_norm.mp4,58.36,12.82,88.34,-1.027,-1.088,-2.043,0.464,5.753,-0.007,1.143,1443.3,60,0,2.97
03jodankeri-2_15,03jodankeri-2_norm.mp4,49.69,8.37,88.63,-1.027,-1.089,-2.089,0.088,5.753,-0.007,1.143,1443.3,60,0,2.97
03jodankeri-2_16,03jodankeri-2_norm.mp4,45.72,5.78,88.99,-0.842,-0.914,-1.550,-0.345,5.753,-0.007,1.143,1443.3,60,0,2.97
03jodankeri-2_17,03jodankeri-2_norm.mp4,41.67,6.89,84.95,-0.973,-0.933,-1.965,-0.191,5.753,-0.007,1.143,1443.3,60,0,2.97
03jodankeri-2_18,03jodankeri-2_norm.mp4,45.23,6.91,89.36,-0.952,-0.928,-2.009,-0.030,5.753,-0.007,1.143,1443.3,60,0,2.97
03jodankeri-2_19,03jodankeri-2_norm.mp4,50.47,7.39,89.32,-0.945,-0.934,-1.843,-0.045,5.753,-0.007,1.143,1443.3,60,0,2.97
03jodankeri-2_20,03jodankeri-2_norm.mp4,53.35,7.45,83.91,-1.000,-0.933,-1.428,-0.202,5.753,-0.007,1.143,1443.3,60,0,2.97
03jodankeri-2_21,03jodankeri-2_norm.mp4,52.68,6.50,83.10,-1.065,-0.939,-1.762,-0.126,5.753,-0.007,1.143,1443.3,60,0,2.97
03jodankeri-3_15,03jodankeri-3_norm.mp4,52.34,17.20,89.80,-0.284,-0.975,-1.676,0.715,6.492,0.305,1.348,1642.8,60,0,6.44
03jodankeri-3_16,03jodankeri-3_norm.mp4,66.48,16.52,88.24,-0.284,-0.860,-0.996,0.597,6.492,0.305,1.348,1642.8,60,0,6.44
03jodankeri-3_17,03jodankeri-3_norm.mp4,59.92,12.30,89.18,-0.332,-0.842,-1.221,0.455,6.492,0.305,1.348,1642.8,60,0,6.44
03jodankeri-3_18,03jodankeri-3_norm.mp4,58.58,14.14,89.57,-0.395,-0.872,-1.371,0.504,6.492,0.305,1.348,1642.8,60,0,6.44
03jodankeri-3_19,03jodankeri-3_norm.mp4,57.34,15.30,87.71,-0.276,-1.228,-1.481,0.224,6.492,0.305,1.348,1642.8,60,0,6.44
03jodankeri-3_20,03jodankeri-3_norm.mp4,51.32,14.84,87.77,-0.265,-1.257,-1.773,0.329,6.492,0.305,1.348,1642.8,60,0,6.44
03jodankeri-3_21,03jodankeri-3_norm.mp4,63.75,12.19,89.91,-0.292,-1.246,-1.098,-0.114,6.492,0.305,1.348,1642.8,60,0,6.44
03jodankeri-3_22,03jodankeri-3_norm.mp4,69.07,16.19,85.61,-0.269,-1.362,-0.930,-0.083,6.492,0.305,1.348,1642.8,60,0,6.44
03jodankeri-3_23,03jodankeri-3_norm.mp4,61.59,15.54,87.18,-0.304,-1.327,-1.260,-0.156,6.492,0.305,1.348,1642.8,60,0,6.44
03jodankeri-3_24,03jodankeri-3_norm.mp4,62.74,11.82,86.86,-0.269,-1.314,-1.094,-0.012,6.492,0.305,1.348,1642.8,60,0,6.44
03jodankeri-3_25,03jodankeri-3_norm.mp4,51.12,14.37,87.65,-0.273,-1.163,-1.385,-0.214,6.492,0.305,1.348,1642.8,60,0,6.44
03jodankeri-3_26,03jodankeri-3_norm.mp4,44.26,13.97,89.99,-0.216,-1.195,-1.848,-0.050,6.492,0.305,1.348,1642.8,60,0,6.44
03jodankeri-4_09,03jodankeri-4_norm.mp4,42.47,11.73,72.19,-1.691,-0.043,0.026,1.065,6.446,0.117,1.341,1635.3,60,0,7.22
03jodankeri-4_10,03jodankeri-4_norm.mp4,37.68,9.57,66.48,-1.910,-0.312,0.001,1.063,6.446,0.117,1.341,1635.3,60,0,7.22
03jodankeri-4_11,03jodankeri-4_norm.mp4,35.92,9.56,69.90,-2.169,-0.417,-0.089,1.075,6.446,0.117,1.341,1635.3,60,0,7.22
03jodankeri-4_12,03jodankeri-4_norm.mp4,33.19,11.39,66.79,-2.371,-0.441,-0.026,1.067,6.446,0.117,1.341,1635.3,60,0,7.22
03jodankeri-4_13,03jodankeri-4_norm.mp4,34.55,10.57,62.38,-2.248,-0.456,-0.022,1.063,6.446,0.117,1.341,1635.3,60,0,7.22
03jodankeri-4_14,03jodankeri-4_norm.mp4,30.05,8.68,65.13,-2.292,-0.147,-0.000,1.066,6.446,0.117,1.341,1635.3,60,0,7.22
03jodankeri-4_15,03jodankeri-4_norm.mp4,23.42,5.73,59.54,-1.484,0.327,0.073,0.911,6.446,0.117,1.341,1635.3,60,0,7.22
03jodankeri-4_16,03jodankeri-4_norm.mp4,30.79,7.04,63.34,-1.524,0.180,0.148,0.926,6.446,0.117,1.341,1635.3,60,0,7.22
03jodankeri-4_17,03jodankeri-4_norm.mp4,28.75,7.64,65.21,-1.608,0.007,0.107,0.916,6.446,0.117,1.341,1635.3,60,0,7.22
03jodankeri-4_18,03jodankeri-4_norm.mp4,34.29,8.21,66.47,-1.467,0.038,0.089,0.917,6.446,0.117,1.341,1635.3,60,0,7.22
03jodankeri-4_19,03jodankeri-4_norm.mp4,27.91,8.24,54.45,-1.500,0.202,0.067,0.918,6.446,0.117,1.341,1635.3,60,0,7.22
03jodankeri-4_20,03jodankeri-4_norm.mp4,30.34,7.45,60.70,-1.543,0.182,-0.017,0.900,6.446,0.117,1.341,1635.3,60,0,7.22
03jodankeri-5_16,03jodankeri-5_norm.mp4,55.73,6.89,89.45,-2.134,0.722,-0.548,1.196,4.386,-4.475,1.294,1989.6,60,0,8.05
03jodankeri-5_17,03jodankeri-5_norm.mp4,59.92,9.48,89.66,-1.814,0.506,-0.489,1.115,4.386,-4.475,1.294,1989.6,60,0,8.05
03jodankeri-5_18,03jodankeri-5_norm.mp4,63.61,8.98,89.61,-1.475,0.336,-0.364,1.077,4.386,-4.475,1.294,1989.6,60,0,8.05
03jodankeri-5_19,03jodankeri-5_norm.mp4,61.68,5.01,89.04,-1.688,0.576,-0.356,1.108,4.386,-4.475,1.294,1989.6,60,0,8.05
03jodankeri-5_20,03jodankeri-5_norm.mp4,61.56,7.73,89.30,-1.326,0.439,-0.573,1.490,4.386,-4.475,1.294,1989.6,60,0,8.05
03jodankeri-5_21,03jodankeri-5_norm.mp4,58.49,6.39,89.76,-1.571,0.626,-0.485,1.425,4.386,-4.475,1.294,1989.6,60,0,8.05
03jodankeri-5_22,03jodankeri-5_norm.mp4,60.34,7.73,88.99,-1.365,0.715,-0.478,1.459,4.386,-4.475,1.294,1989.6,60,0,8.05
03jodankeri-5_23,03jodankeri-5_norm.mp4,59.55,10.21,87.52,-1.663,0.928,-0.494,1.609,4.386,-4.475,1.294,1989.6,60,0,8.05
03jodankeri-5_24,03jodankeri-5_norm.mp4,55.04,9.92,89.56,-1.821,1.146,-0.465,1.566,4.386,-4.475,1.294,1989.6,60,0,8.05
03jodankeri-5_25,03jodankeri-5_norm.mp4,55.82,7.78,89.46,-1.415,0.598,-0.517,1.595,4.386,-4.475,1.294,1989.6,60,0,8.05
03jodankeri-5_26,03jodankeri-5_norm.mp4,55.94,11.34,88.21,-1.662,0.901,-0.460,1.369,4.386,-4.475,1.294,1989.6,60,0,8.05
03jodankeri-5_27,03jodankeri-5_norm.mp4,49.71,8.83,87.97,-2.091,1.392,-0.509,1.472,4.386,-4.475,1.294,1989.6,60,0,8.05
03jodankeri-6_10,03jodankeri-6_norm.mp4,45.11,8.16,75.54,-0.737,-0.816,-0.875,1.193,4.386,-4.475,1.294,1989.6,60,0,8.05
03jodankeri-6_11,03jodankeri-6_norm.mp4,42.19,8.78,70.62,-0.758,-0.802,-0.986,1.496,4.386,-4.475,1.294,1989.6,60,0,8.05
03jodankeri-6_12,03jodankeri-6_norm.mp4,34.16,10.18,68.28,-0.756,-0.795,-1.391,1.964,4.386,-4.475,1.294,1989.6,60,0,8.05
03jodankeri-6_13,03jodankeri-6_norm.mp4,35.45,10.58,71.82,-0.786,-0.785,-1.350,1.895,4.386,-4.475,1.294,1989.6,60,0,8.05
03jodankeri-6_14,03jodankeri-6_norm.mp4,42.34,10.77,69.50,-0.749,-0.806,-0.951,1.698,4.386,-4.475,1.294,1989.6,60,0,8.05
03jodankeri-6_15,03jodankeri-6_norm.mp4,35.42,9.89,75.15,-0.799,-0.777,-1.352,1.627,4.386,-4.475,1.294,1989.6,60,0,8.05
03jodankeri-6_16,03jodankeri-6_norm.mp4,36.83,6.15,75.84,-0.752,-0.640,-1.080,1.018,4.386,-4.475,1.294,1989.6,60,0,8.05
03jodankeri-6_17,03jodankeri-6_norm.mp4,36.08,6.82,77.71,-0.821,-0.649,-1.203,1.048,4.386,-4.475,1.294,1989.6,60,0,8.05
03jodankeri-6_18,03jodankeri-6_norm.mp4,36.01,5.47,72.96,-0.824,-0.631,-1.245,1.272,4.386,-4.475,1.294,1989.6,60,0,8.05
03jodankeri-6_19,03jodankeri-6_norm.mp4,37.49,7.24,66.80,-0.842,-0.632,-1.172,1.413,4.386,-4.475,1.294,1989.6,60,0,8.05
03jodankeri-6_20,03jodankeri-6_norm.mp4,42.73,8.14,82.62,-0.803,-0.657,-0.963,1.074,4.386,-4.475,1.294,1989.6,60,0,8.05
03jodankeri-6_21,03jodankeri-6_norm.mp4,42.57,6.93,79.60,-0.934,-0.539,-1.100,1.199,4.386,-4.475,1.294,1989.6,60,0,8.05
03jodankeri-1_01,03jodankeri-1_norm.mp4,11.34,5.80,58.39,-5.831,0.021,-0.340,0.865,5.753,-0.007,1.143,1443.3,60,0,2.97
03jodankeri-1_02,03jodankeri-1_norm.mp4,24.46,4.64,77.68,-3.134,-0.138,-0.345,0.867,5.753,-0.007,1.143,1443.3,60,0,2.97
03jodankeri-1_03,03jodankeri-1_norm.mp4,40.15,5.46,86.17,-1.729,0.056,-0.444,0.862,5.753,-0.007,1.143,1443.3,60,0,2.97
03jodankeri-1_04,03jodankeri-1_norm.mp4,26.82,3.31,84.75,-2.758,0.108,-0.565,0.935,5.753,-0.007,1.143,1443.3,60,0,2.97
03jodankeri-1_05,03jodankeri-1_norm.mp4,24.69,4.82,81.23,-3.262,0.152,-0.603,0.909,5.753,-0.007,1.143,1443.3,60,0,2.97
03jodankeri-1_06,03jodankeri-1_norm.mp4,22.67,3.91,88.20,-3.254,0.135,-0.703,0.930,5.753,-0.007,1.143,1443.3,60,0,2.97
03jodankeri-1_07,03jodankeri-1_norm.mp4,31.23,5.19,88.17,-0.719,-1.061,-2.128,-0.353,5.753,-0.007,1.143,1443.3,60,0,2.97
03jodankeri-1_08,03jodankeri-1_norm.mp4,35.26,4.16,89.87,-0.753,-1.070,-1.852,-0.577,5.753,-0.007,1.143,1443.3,60,0,2.97
03jodankeri-1_09,03jodankeri-1_norm.mp4,27.39,4.44,76.41,-2.451,0.204,-0.413,1.045,5.753,-0.007,1.143,1443.3,60,0,2.97
03jodankeri-1_10,03jodankeri-1_norm.mp4,27.62,5.24,81.24,-2.688,0.266,-0.632,1.082,5.753,-0.007,1.143,1443.3,60,0,2.97
03jodankeri-1_11,03jodankeri-1_norm.mp4,34.14,6.38,81.48,-2.471,0.131,-0.665,1.128,5.753,-0.007,1.143,1443.3,60,0,2.97
03jodankeri-1_12,03jodankeri-1_norm.mp4,22.06,7.13,85.11,-3.404,0.328,-0.735,1.134,5.753,-0.007,1.143,1443.3,60,0,2.97
03jodankeri-1_13,03jodankeri-1_norm.mp4,18.54,4.73,78.43,-4.019,0.446,-0.762,1.179,5.753,-0.007,1.143,1443.3,60,0,2.97
03jodankeri-1_14,03jodankeri-1_norm.mp4,22.79,7.10,82.69,-3.349,0.540,-0.738,1.268,5.753,-0.007,1.143,1443.3,60,0,2.97
03jodankeri-1_15,03jodankeri-1_norm.mp4,20.78,4.66,81.47,-3.468,0.587,-0.723,1.266,5.753,-0.007,1.143,1443.3,60,0,2.97
03jodankeri-1_16,03jodankeri-1_norm.mp4,23.51,4.30,85.40,-3.372,0.468,-0.849,1.234,5.753,-0.007,1.143,1443.3,60,0,2.97
03jodankeri-1_17,03jodankeri-1_norm.mp4,16.74,1.94,78.70,-3.938,0.277,-0.760,0.958,5.753,-0.007,1.143,1443.3,60,0,2.97
03jodankeri-1_18,03jodankeri-1_norm.mp4,18.53,4.69,76.24,-3.972,0.140,-0.764,0.960,5.753,-0.007,1.143,1443.3,60,0,2.97
03jodankeri-2_01,03jodankeri-2_norm.mp4,52.17,4.37,87.87,-0.900,-1.125,-1.482,-0.609,5.753,-0.007,1.143,1443.3,60,0,2.97
03jodankeri-2_02,03jodankeri-2_norm.mp4,32.21,3.91,84.83,-0.919,-1.087,-1.923,-0.677,5.753,-0.007,1.143,1443.3,60,0,2.97
03jodankeri-2_03,03jodankeri-2_norm.mp4,58.45,9.54,88.63,-0.853,-1.079,-0.767,-0.509,5.753,-0.007,1.143,1443.3,60,0,2.97
03jodankeri-2_04,03jodankeri-2_norm.mp4,50.43,5.25,89.93,-0.935,-1.084,-1.458,-0.521,5.753,-0.007,1.143,1443.3,60,0,2.97
03jodankeri-2_05,03jodankeri-2_norm.mp4,46.91,3.96,89.10,-0.979,-1.091,-1.801,-0.482,5.753,-0.007,1.143,1443.3,60,0,2.97
03jodankeri-2_06,03jodankeri-2_norm.mp4,57.01,5.17,88.62,-0.954,-1.091,-1.320,-0.424,5.753,-0.007,1.143,1443.3,60,0,2.97
03jodankeri-2_07,03jodankeri-2_norm.mp4,55.18,8.78,86.92,-0.893,-1.080,-1.255,-0.492,5.753,-0.007,1.143,1443.3,60,0,2.97
03jodankeri-2_08,03jodankeri-2_norm.mp4,52.27,5.47,88.93,-0.906,-1.079,-1.632,-0.486,5.753,-0.007,1.143,1443.3,60,0,2.97
03jodankeri-2_09,03jodankeri-2_norm.mp4,48.92,6.33,89.82,-0.907,-1.080,-1.482,-0.550,5.753,-0.007,1.143,1443.3,60,0,2.97
03jodankeri-3_01,03jodankeri-3_norm.mp4,48.99,7.86,89.64,-0.516,-0.867,-1.624,-0.056,6.492,0.305,1.348,1642.8,60,0,6.44
03jodankeri-3_02,03jodankeri-3_norm.mp4,35.56,9.03,89.77,-0.347,-0.950,-1.976,-0.118,6.492,0.305,1.348,1642.8,60,0,6.44
03jodankeri-3_03,03jodankeri-3_norm.mp4,33.85,11.26,89.82,-0.311,-0.935,-2.028,-0.167,6.492,0.305,1.348,1642.8,60,0,6.44
03jodankeri-3_04,03jodankeri-3_norm.mp4,29.51,9.62,89.97,-0.253,-0.968,-2.627,-0.137,6.492,0.305,1.348,1642.8,60,0,6.44
03jodankeri-3_05,03jodankeri-3_norm.mp4,47.70,15.31,89.86,-0.483,-1.047,-1.385,-0.228,6.492,0.305,1.348,1642.8,60,0,6.44
03jodankeri-3_06,03jodankeri-3_norm.mp4,69.61,13.42,87.73,-0.313,-1.104,-0.826,-0.167,6.492,0.305,1.348,1642.8,60,0,6.44
03jodankeri-3_07,03jodankeri-3_norm.mp4,52.99,15.33,84.63,-0.233,-1.154,-1.187,-0.184,6.492,0.305,1.348,1642.8,60,0,6.44
03jodankeri-3_08,03jodankeri-3_norm.mp4,39.18,13.90,88.68,-0.202,-1.160,-1.688,-0.297,6.492,0.305,1.348,1642.8,60,0,6.44
03jodankeri-3_09,03jodankeri-3_norm.mp4,29.10,10.97,87.40,-0.244,-1.209,-2.296,-0.448,6.492,0.305,1.348,1642.8,60,0,6.44
03jodankeri-3_10,03jodankeri-3_norm.mp4,47.30,12.35,89.47,-0.206,-1.264,-1.200,-0.456,6.492,0.305,1.348,1642.8,60,0,6.44
03jodankeri-3_11,03jodankeri-3_norm.mp4,44.76,14.99,89.71,-0.227,-1.277,-1.342,-0.573,6.492,0.305,1.348,1642.8,60,0,6.44
03jodankeri-3_12,03jodankeri-3_norm.mp4,37.37,7.94,89.60,-0.089,-1.265,-1.536,-0.503,6.492,0.305,1.348,1642.8,60,0,6.44
03jodankeri-3_13,03jodankeri-3_norm.mp4,40.72,7.31,84.81,-0.170,-1.001,-1.348,-0.219,6.492,0.305,1.348,1642.8,60,0,6.44
03jodankeri-3_14,03jodankeri-3_norm.mp4,34.31,12.56,89.87,-0.168,-0.993,-1.896,-0.119,6.492,0.305,1.348,1642.8,60,0,6.44
03jodankeri-4_01,03jodankeri-4_norm.mp4,15.71,2.86,53.56,-1.715,0.690,0.097,1.064,6.446,0.117,1.341,1635.3,60,0,7.22
03jodankeri-4_02,03jodankeri-4_norm.mp4,27.17,4.14,45.24,-1.644,0.545,0.049,1.057,6.446,0.117,1.341,1635.3,60,0,7.22
03jodankeri-4_03,03jodankeri-4_norm.mp4,30.15,4.32,59.10,-1.612,0.521,0.082,1.054,6.446,0.117,1.341,1635.3,60,0,7.22
03jodankeri-4_04,03jodankeri-4_norm.mp4,31.53,4.45,60.05,-1.625,0.450,0.091,1.055,6.446,0.117,1.341,1635.3,60,0,7.22
03jodankeri-4_05,03jodankeri-4_norm.mp4,31.77,5.22,56.34,-1.645,0.427,0.085,1.056,6.446,0.117,1.341,1635.3,60,0,7.22
03jodankeri-4_06,03jodankeri-4_norm.mp4,27.19,2.84,53.09,-1.601,0.562,0.081,1.057,6.446,0.117,1.341,1635.3,60,0,7.22
03jodankeri-4_07,03jodankeri-4_norm.mp4,25.69,6.39,81.85,-1.422,0.452,0.060,1.053,6.446,0.117,1.341,1635.3,60,0,7.22
03jodankeri-4_08,03jodankeri-4_norm.mp4,25.61,4.29,49.97,-1.681,0.520,0.080,1.057,6.446,0.117,1.341,1635.3,60,0,7.22
03jodankeri-5_01,03jodankeri-5_norm.mp4,61.53,5.89,89.72,-0.757,0.511,-0.184,1.080,4.386,-4.475,1.294,1989.6,60,0,8.05
03jodankeri-5_02,03jodankeri-5_norm.mp4,60.58,4.39,86.80,-0.888,0.510,-0.400,1.207,4.386,-4.475,1.294,1989.6,60,0,8.05
03jodankeri-5_03,03jodankeri-5_norm.mp4,55.25,6.50,89.89,-1.249,0.812,-0.425,1.144,4.386,-4.475,1.294,1989.6,60,0,8.05
03jodankeri-5_04,03jodankeri-5_norm.mp4,57.30,4.11,87.36,-0.972,0.528,-0.501,1.154,4.386,-4.475,1.294,1989.6,60,0,8.05
03jodankeri-5_05,03jodankeri-5_norm.mp4,22.75,3.95,88.83,-0.576,-0.748,-1.590,1.478,4.386,-4.475,1.294,1989.6,60,0,8.05
03jodankeri-5_06,03jodankeri-5_norm.mp4,39.70,7.11,89.22,-1.912,1.537,-0.208,1.298,4.386,-4.475,1.294,1989.6,60,0,8.05
03jodankeri-5_07,03jodankeri-5_norm.mp4,55.32,6.47,88.56,-1.684,1.089,-0.416,1.307,4.386,-4.475,1.294,1989.6,60,0,8.05
03jodankeri-5_08,03jodankeri-5_norm.mp4,50.67,5.29,89.78,-1.871,1.249,-0.507,1.362,4.386,-4.475,1.294,1989.6,60,0,8.05
03jodankeri-5_09,03jodankeri-5_norm.mp4,40.38,8.03,87.89,-2.193,1.544,-0.579,1.394,4.386,-4.475,1.294,1989.6,60,0,8.05
03jodankeri-5_10,03jodankeri-5_norm.mp4,22.67,9.49,89.69,-3.118,2.539,-0.566,1.435,4.386,-4.475,1.294,1989.6,60,0,8.05
03jodankeri-5_11,03jodankeri-5_norm.mp4,60.39,9.90,89.01,-1.651,1.197,-0.473,1.457,4.386,-4.475,1.294,1989.6,60,0,8.05
03jodankeri-5_12,03jodankeri-5_norm.mp4,47.26,10.56,88.90,-1.831,1.395,-0.455,1.437,4.386,-4.475,1.294,1989.6,60,0,8.05
03jodankeri-5_13,03jodankeri-5_norm.mp4,35.27,6.79,89.53,-2.317,1.809,-0.644,1.488,4.386,-4.475,1.294,1989.6,60,0,8.05
03jodankeri-5_14,03jodankeri-5_norm.mp4,25.33,5.79,89.95,-2.889,2.017,-0.597,1.201,4.386,-4.475,1.294,1989.6,60,0,8.05
03jodankeri-5_15,03jodankeri-5_norm.mp4,39.63,11.17,87.65,-2.188,1.339,-0.597,1.211,4.386,-4.475,1.294,1989.6,60,0,8.05
03jodankeri-6_01,03jodankeri-6_norm.mp4,39.77,5.90,76.84,-0.727,-0.861,-0.984,0.779,4.386,-4.475,1.294,1989.6,60,0,8.05
03jodankeri-6_02,03jodankeri-6_norm.mp4,20.90,1.34,72.31,-0.752,-0.819,-1.716,1.179,4.386,-4.475,1.294,1989.6,60,0,8.05
03jodankeri-6_03,03jodankeri-6_norm.mp4,55.00,5.36,89.69,-0.739,-0.831,-0.634,0.663,4.386,-4.475,1.294,1989.6,60,0,8.05
03jodankeri-6_04,03jodankeri-6_norm.mp4,31.29,4.66,81.94,-0.742,-0.830,-1.270,0.940,4.386,-4.475,1.294,1989.6,60,0,8.05
03jodankeri-6_05,03jodankeri-6_norm.mp4,35.59,5.69,80.80,-0.762,-0.817,-1.168,1.102,4.386,-4.475,1.294,1989.6,60,0,8.05
03jodankeri-6_06,03jodankeri-6_norm.mp4,49.49,5.88,89.83,-0.756,-0.818,-0.705,0.797,4.386,-4.475,1.294,1989.6,60,0,8.05
03jodankeri-6_07,03jodankeri-6_norm.mp4,40.02,5.64,86.06,-0.749,-0.821,-0.984,0.762,4.386,-4.475,1.294,1989.6,60,0,8.05
03jodankeri-6_08,03jodankeri-6_norm.mp4,37.46,0.96,69.20,-0.752,-0.814,-1.087,0.991,4.386,-4.475,1.294,1989.6,60,0,8.05
03jodankeri-6_09,03jodankeri-6_norm.mp4,39.24,5.58,82.90,-0.753,-0.817,-1.028,1.024,4.386,-4.475,1.294,1989.6,60,0,8.05
00kizami-10_12,00kizami-10_norm.mp4,67.85,52.02,89.60,-1.086,0.355,-0.363,1.577,4.701,-4.561,1.342,2096.2,60,0,5.67
00kizami-10_13,00kizami-10_norm.mp4,68.10,53.00,88.18,-1.178,0.360,-0.324,1.599,4.701,-4.561,1.342,2096.2,60,0,5.67
00kizami-10_14,00kizami-10_norm.mp4,82.99,61.71,89.88,-1.287,0.311,-0.389,1.453,4.701,-4.561,1.342,2096.2,60,0,5.67
00kizami-10_15,00kizami-10_norm.mp4,73.92,52.65,89.12,-1.155,0.129,-0.507,1.466,4.701,-4.561,1.342,2096.2,60,0,5.67
00kizami-10_16,00kizami-10_norm.mp4,66.33,51.51,89.45,-1.105,0.353,-0.293,1.252,4.701,-4.561,1.342,2096.2,60,0,5.67
00kizami-10_17,00kizami-10_norm.mp4,61.52,37.48,85.27,-0.764,0.279,-0.353,1.245,4.701,-4.561,1.342,2096.2,60,0,5.67
00kizami-10_18,00kizami-10_norm.mp4,66.87,50.34,89.92,-0.927,0.450,-0.469,1.333,4.701,-4.561,1.342,2096.2,60,0,5.67
00kizami-10_19,00kizami-10_norm.mp4,75.17,51.12,89.71,-1.032,0.667,-0.370,1.508,4.701,-4.561,1.342,2096.2,60,0,5.67
00kizami-10_20,00kizami-10_norm.mp4,78.82,53.57,88.51,-1.157,0.508,-0.307,1.570,4.701,-4.561,1.342,2096.2,60,0,5.67
00kizami-10_21,00kizami-10_norm.mp4,79.97,55.18,88.87,-1.107,0.601,-0.390,1.626,4.701,-4.561,1.342,2096.2,60,0,5.67
00kizami-10_22,00kizami-10_norm.mp4,73.31,55.47,89.88,-1.052,0.378,-0.360,1.669,4.701,-4.561,1.342,2096.2,60,0,5.67
00kizami-10_23,00kizami-10_norm.mp4,71.52,56.76,89.94,-1.087,0.264,-0.379,1.566,4.701,-4.561,1.342,2096.2,60,0,5.67
00kizami-11_04,00kizami-11_norm.mp4,67.42,46.12,87.65,-1.004,-0.617,-0.366,1.310,4.469,-4.534,1.298,2030.2,60,0,2.77
00kizami-11_05,00kizami-11_norm.mp4,68.73,48.12,87.17,-1.036,-0.596,-0.296,1.482,4.469,-4.534,1.298,2030.2,60,0,2.77
00kizami-11_06,00kizami-11_norm.mp4,62.57,47.81,89.08,-0.996,-0.621,-0.282,1.478,4.469,-4.534,1.298,2030.2,60,0,2.77
00kizami-11_07,00kizami-11_norm.mp4,62.54,44.03,89.60,-1.005,-0.608,-0.418,1.485,4.469,-4.534,1.298,2030.2,60,0,2.77
00kizami-11_08,00kizami-11_norm.mp4,52.10,38.22,88.00,-0.833,-0.219,-0.579,1.296,4.469,-4.534,1.298,2030.2,60,0,2.77
00kizami-11_09,00kizami-11_norm.mp4,52.30,34.89,88.78,-0.842,-0.218,-0.567,1.471,4.469,-4.534,1.298,2030.2,60,0,2.77
00kizami-11_10,00kizami-11_norm.mp4,54.62,38.94,89.50,-0.851,-0.220,-0.673,1.168,4.469,-4.534,1.298,2030.2,60,0,2.77
00kizami-11_11,00kizami-11_norm.mp4,65.37,46.65,89.20,-0.975,-0.595,-0.568,1.027,4.469,-4.534,1.298,2030.2,60,0,2.77
00kizami-11_12,00kizami-11_norm.mp4,67.71,29.92,89.06,-0.986,-0.643,-0.543,0.893,4.469,-4.534,1.298,2030.2,60,0,2.77
00kizami-11_13,00kizami-11_norm.mp4,65.38,49.81,79.34,-1.007,-0.617,-0.570,0.922,4.469,-4.534,1.298,2030.2,60,0,2.77
00kizami-11_14,00kizami-11_norm.mp4,60.14,38.43,84.77,-1.022,-0.613,-0.642,1.049,4.469,-4.534,1.298,2030.2,60,0,2.77
00kizami-1_09,00kizami-1_norm.mp4,67.98,43.01,88.75,-1.858,-0.930,-1.057,0.877,5.666,-0.138,1.125,1443.9,60,0,3.96
00kizami-1_10,00kizami-1_norm.mp4,62.94,42.68,89.30,-1.997,-0.860,-1.220,0.905,5.666,-0.138,1.125,1443.9,60,0,3.96
00kizami-1_11,00kizami-1_norm.mp4,55.08,14.74,72.01,-1.704,-1.140,-1.002,0.253,5.666,-0.138,1.125,1443.9,60,0,3.96
00kizami-1_12,00kizami-1_norm.mp4,49.07,8.41,81.66,-1.680,-0.705,-0.782,0.692,5.666,-0.138,1.125,1443.9,60,0,3.96
00kizami-1_13,00kizami-1_norm.mp4,62.73,46.11,88.28,-1.787,-0.938,-1.045,0.707,5.666,-0.138,1.125,1443.9,60,0,3.96
00kizami-1_14,00kizami-1_norm.mp4,66.02,49.43,84.44,-1.673,-0.800,-1.002,0.799,5.666,-0.138,1.125,1443.9,60,0,3.96
00kizami-1_15,00kizami-1_norm.mp4,79.52,53.36,89.98,-1.518,-0.726,-1.101,0.874,5.666,-0.138,1.125,1443.9,60,0,3.96
00kizami-1_16,00kizami-1_norm.mp4,66.14,36.76,89.99,-1.750,-0.596,-1.075,0.925,5.666,-0.138,1.125,1443.9,60,0,3.96
00kizami-2_09,00kizami-2_norm.mp4,67.40,41.67,86.46,-1.380,-0.631,-0.542,1.230,5.729,-0.119,1.140,1436.7,60,0,4.75
00kizami-2_10,00kizami-2_norm.mp4,60.66,42.20,86.44,-1.576,-0.686,-0.515,1.241,5.729,-0.119,1.140,1436.7,60,0,4.75
00kizami-2_11,00kizami-2_norm.mp4,60.57,51.85,78.81,-1.494,-0.567,-0.619,1.145,5.729,-0.119,1.140,1436.7,60,0,4.75
00kizami-2_12,00kizami-2_norm.mp4,68.45,48.38,85.30,-1.386,-0.656,-0.692,1.124,5.729,-0.119,1.140,1436.7,60,0,4.75
00kizami-2_13,00kizami-2_norm.mp4,58.51,31.14,82.95,-1.429,-0.464,-0.501,0.911,5.729,-0.119,1.140,1436.7,60,0,4.75
00kizami-2_14,00kizami-2_norm.mp4,73.21,23.10,89.39,-1.156,-0.469,-0.670,0.966,5.729,-0.119,1.140,1436.7,60,0,4.75
00kizami-2_15,00kizami-2_norm.mp4,59.06,47.59,89.63,-1.290,-0.174,-0.565,1.127,5.729,-0.119,1.140,1436.7,60,0,4.75
00kizami-2_16,00kizami-2_norm.mp4,62.37,48.41,85.98,-1.514,-0.502,-0.504,1.154,5.729,-0.119,1.140,1436.7,60,0,4.75
00kizami-2_17,00kizami-2_norm.mp4,63.07,55.69,85.68,-1.407,-0.267,-0.592,1.199,5.729,-0.119,1.140,1436.7,60,0,4.75
00kizami-2_18,00kizami-2_norm.mp4,69.03,55.41,87.63,-1.319,-0.320,-0.575,1.204,5.729,-0.119,1.140,1436.7,60,0,4.75
00kizami-2_19,00kizami-2_norm.mp4,72.38,41.87,83.55,-1.315,-0.736,-0.575,1.014,5.729,-0.119,1.140,1436.7,60,0,4.75
00kizami-3_07,00kizami-3_norm.mp4,67.44,32.14,89.85,-1.723,-1.122,-1.364,0.564,5.901,-0.067,1.186,1469.8,60,0,7.18
00kizami-3_08,00kizami-3_norm.mp4,67.25,14.43,87.87,-1.812,-1.145,-1.213,0.667,5.901,-0.067,1.186,1469.8,60,0,7.18
00kizami-3_09,00kizami-3_norm.mp4,72.55,14.96,89.66,-1.697,-1.126,-1.208,0.571,5.901,-0.067,1.186,1469.8,60,0,7.18
00kizami-3_10,00kizami-3_norm.mp4,72.01,10.09,89.90,-1.776,-1.148,-1.431,0.687,5.901,-0.067,1.186,1469.8,60,0,7.18
00kizami-3_11,00kizami-3_norm.mp4,72.39,7.90,89.95,-1.536,-0.638,-1.569,0.491,5.901,-0.067,1.186,1469.8,57,0,7.18
00kizami-3_12,00kizami-3_norm.mp4,75.08,11.15,88.88,-1.448,-0.634,-1.542,0.617,5.901,-0.067,1.186,1469.8,60,0,7.18
00kizami-3_13,00kizami-3_norm.mp4,75.96,17.40,89.98,-1.452,-0.630,-1.532,0.435,5.901,-0.067,1.186,1469.8,60,0,7.18
00kizami-3_14,00kizami-3_norm.mp4,66.74,12.61,85.88,-1.790,-1.081,-1.563,0.018,5.901,-0.067,1.186,1469.8,58,0,7.18
00kizami-3_15,00kizami-3_norm.mp4,58.11,25.13,88.53,-1.848,-1.109,-1.505,-0.026,5.901,-0.067,1.186,1469.8,56,0,7.18
00kizami-3_16,00kizami-3_norm.mp4,71.51,17.24,86.57,-1.759,-1.077,-1.521,0.341,5.901,-0.067,1.186,1469.8,54,0,7.18
00kizami-3_17,00kizami-3_norm.mp4,69.31,21.92,89.00,-1.733,-1.070,-1.453,0.273,5.901,-0.067,1.186,1469.8,60,0,7.18
00kizami-6_09,00kizami-6_norm.mp4,80.96,52.13,89.49,-0.523,-1.233,-0.548,0.649,6.407,0.249,1.366,1633.2,60,0,7.93
00kizami-6_10,00kizami-6_norm.mp4,78.55,40.60,89.36,-0.566,-1.256,-0.520,0.681,6.407,0.249,1.366,1633.2,60,0,7.93
00kizami-6_11,00kizami-6_norm.mp4,82.79,41.12,89.94,-0.431,-1.156,-0.392,0.577,6.407,0.249,1.366,1633.2,60,0,7.93
00kizami-6_12,00kizami-6_norm.mp4,80.85,37.45,88.20,-0.398,-1.143,-0.234,0.461,6.407,0.249,1.366,1633.2,60,0,7.93
00kizami-6_13,00kizami-6_norm.mp4,80.33,30.66,90.00,-0.550,-0.926,-0.545,0.380,6.407,0.249,1.366,1633.2,60,0,7.93
00kizami-6_14,00kizami-6_norm.mp4,78.73,25.82,89.49,-0.429,-1.001,-0.267,0.390,6.407,0.249,1.366,1633.2,60,0,7.93
00kizami-6_15,00kizami-6_norm.mp4,78.96,34.84,89.57,-0.526,-1.155,-0.314,0.176,6.407,0.249,1.366,1633.2,60,0,7.93
00kizami-6_16,00kizami-6_norm.mp4,82.76,46.74,89.85,-0.617,-1.149,-0.635,0.462,6.407,0.249,1.366,1633.2,60,0,7.93
00kizami-6_17,00kizami-6_norm.mp4,78.96,41.97,88.02,-0.577,-1.204,-0.471,0.267,6.407,0.249,1.366,1633.2,60,0,7.93
00kizami-6_18,00kizami-6_norm.mp4,79.61,35.19,88.37,-0.555,-1.245,-0.400,0.259,6.407,0.249,1.366,1633.2,60,0,7.93
00kizami-6_19,00kizami-6_norm.mp4,82.88,31.81,89.64,-0.543,-1.124,-0.541,0.457,6.407,0.249,1.366,1633.2,60,0,7.93
00kizami-9_09,00kizami-9_norm.mp4,61.68,48.79,89.73,-1.156,-0.035,-0.625,1.365,4.323,-4.271,1.265,1935.4,60,0,3.60
00kizami-9_10,00kizami-9_norm.mp4,70.83,52.66,89.98,-1.384,-0.237,-0.814,1.190,4.323,-4.271,1.265,1935.4,60,0,3.60
00kizami-9_11,00kizami-9_norm.mp4,67.75,53.02,89.03,-1.600,-0.147,-0.938,1.220,4.323,-4.271,1.265,1935.4,60,0,3.60
00kizami-9_12,00kizami-9_norm.mp4,75.87,38.43,89.50,-1.399,-0.419,-0.666,0.572,4.323,-4.271,1.265,1935.4,60,0,3.60
00kizami-9_13,00kizami-9_norm.mp4,71.07,20.01,89.31,-1.290,0.225,-0.526,1.024,4.323,-4.271,1.265,1935.4,60,0,3.60
00kizami-9_14,00kizami-9_norm.mp4,65.62,54.06,89.34,-1.266,-0.014,-0.673,1.101,4.323,-4.271,1.265,1935.4,60,0,3.60
00kizami-9_15,00kizami-9_norm.mp4,79.48,55.20,89.85,-1.456,-0.213,-0.755,1.060,4.323,-4.271,1.265,1935.4,60,0,3.60
00kizami-9_16,00kizami-9_norm.mp4,79.87,59.38,89.82,-1.379,-0.052,-0.688,1.171,4.323,-4.271,1.265,1935.4,60,0,3.60
00kizami-9_17,00kizami-9_norm.mp4,65.40,50.38,89.87,-1.265,-0.098,-0.777,1.261,4.323,-4.271,1.265,1935.4,60,0,3.60
00kizami-9_18,00kizami-9_norm.mp4,71.53,52.61,89.92,-1.405,0.173,-0.713,1.222,4.323,-4.271,1.265,1935.4,60,0,3.60
00kizami-10_01,00kizami-10_norm.mp4,75.04,56.23,89.80,-0.955,0.341,-0.145,1.437,4.701,-4.561,1.342,2096.2,60,0,5.67
00kizami-10_02,00kizami-10_norm.mp4,63.77,50.54,87.70,-1.117,0.384,-0.553,1.480,4.701,-4.561,1.342,2096.2,60,0,5.67
00kizami-10_03,00kizami-10_norm.mp4,62.72,42.80,88.19,-1.264,0.585,-0.565,1.470,4.701,-4.561,1.342,2096.2,60,0,5.67
00kizami-10_07,00kizami-10_norm.mp4,65.71,56.66,88.07,-1.347,0.446,-0.611,1.406,4.701,-4.561,1.342,2096.2,60,0,5.67
00kizami-10_08,00kizami-10_norm.mp4,70.91,58.19,87.54,-1.334,0.395,-0.662,1.422,4.701,-4.561,1.342,2096.2,60,0,5.67
00kizami-10_09,00kizami-10_norm.mp4,73.76,54.54,88.39,-0.991,0.446,-0.416,1.432,4.701,-4.561,1.342,2096.2,60,0,5.67
00kizami-10_10,00kizami-10_norm.mp4,67.28,51.25,89.54,-1.012,0.591,-0.096,1.487,4.701,-4.561,1.342,2096.2,60,0,5.67
00kizami-10_11,00kizami-10_norm.mp4,70.36,56.73,89.89,-0.984,0.480,-0.277,1.581,4.701,-4.561,1.342,2096.2,60,0,5.67
00kizami-11_01,00kizami-11_norm.mp4,60.80,16.75,89.33,-1.050,-0.715,-0.653,0.851,4.469,-4.534,1.298,2030.2,60,0,2.77
00kizami-11_02,00kizami-11_norm.mp4,64.63,47.14,89.29,-1.023,-0.751,-0.646,0.657,4.469,-4.534,1.298,2030.2,60,0,2.77
00kizami-11_03,00kizami-11_norm.mp4,58.84,40.46,87.91,-1.021,-0.754,-0.578,0.707,4.469,-4.534,1.298,2030.2,60,0,2.77
00kizami-12_01,00kizami-12_norm.mp4,67.18,26.36,89.65,-0.990,-0.511,-0.676,1.158,4.448,-4.458,1.297,2011.0,60,0,3.19
00kizami-12_02,00kizami-12_norm.mp4,57.01,20.21,87.36,-0.980,-0.534,-0.743,1.184,4.448,-4.458,1.297,2011.0,60,0,3.19
00kizami-12_03,00kizami-12_norm.mp4,62.48,18.89,87.93,-0.992,-0.520,-0.737,1.165,4.448,-4.458,1.297,2011.0,60,0,3.19
00kizami-12_04,00kizami-12_norm.mp4,60.14,21.25,89.11,-1.014,-0.504,-0.623,1.188,4.448,-4.458,1.297,2011.0,60,0,3.19
00kizami-12_05,00kizami-12_norm.mp4,60.74,27.92,84.29,-1.017,-0.535,-0.759,1.029,4.448,-4.458,1.297,2011.0,60,0,3.19
00kizami-12_06,00kizami-12_norm.mp4,48.64,18.75,86.73,-1.044,-0.552,-0.734,1.381,4.448,-4.458,1.297,2011.0,60,0,3.19
00kizami-12_07,00kizami-12_norm.mp4,58.12,36.51,88.28,-1.049,-0.552,-0.762,1.145,4.448,-4.458,1.297,2011.0,60,0,3.19
00kizami-12_08,00kizami-12_norm.mp4,56.84,29.95,89.07,-0.993,-0.546,-0.733,1.314,4.448,-4.458,1.297,2011.0,60,0,3.19
00kizami-1_01,00kizami-1_norm.mp4,56.10,17.84,80.28,-1.369,-0.503,-0.270,0.926,5.666,-0.138,1.125,1443.9,60,0,3.96
00kizami-1_02,00kizami-1_norm.mp4,58.21,26.08,83.52,-1.508,-0.462,-0.635,0.920,5.666,-0.138,1.125,1443.9,60,0,3.96
00kizami-1_03,00kizami-1_norm.mp4,55.00,25.69,83.92,-1.465,-0.593,-0.591,0.848,5.666,-0.138,1.125,1443.9,60,0,3.96
00kizami-1_04,00kizami-1_norm.mp4,55.79,21.14,83.10,-1.241,-0.570,-0.389,0.776,5.666,-0.138,1.125,1443.9,60,0,3.96
00kizami-1_05,00kizami-1_norm.mp4,56.11,37.59,88.41,-1.155,-0.486,-0.469,0.729,5.666,-0.138,1.125,1443.9,60,0,3.96
00kizami-1_06,00kizami-1_norm.mp4,55.64,22.68,83.74,-1.417,-0.464,-0.599,0.823,5.666,-0.138,1.125,1443.9,60,0,3.96
00kizami-1_07,00kizami-1_norm.mp4,58.96,33.00,84.82,-1.342,-0.479,-0.598,0.813,5.666,-0.138,1.125,1443.9,60,0,3.96
00kizami-1_08,00kizami-1_norm.mp4,55.44,27.81,89.29,-1.805,-0.551,-0.857,0.787,5.666,-0.138,1.125,1443.9,60,0,3.96
00kizami-2_01,00kizami-2_norm.mp4,55.92,26.42,82.85,-1.350,-0.388,-0.328,1.035,5.729,-0.119,1.140,1436.7,60,0,4.75
00kizami-2_02,00kizami-2_norm.mp4,70.39,29.88,89.52,-1.379,-0.249,-0.807,1.138,5.729,-0.119,1.140,1436.7,60,0,4.75
00kizami-2_03,00kizami-2_norm.mp4,67.55,35.74,89.48,-1.515,-0.132,-0.941,1.227,5.729,-0.119,1.140,1436.7,60,0,4.75
00kizami-2_04,00kizami-2_norm.mp4,61.54,36.83,87.09,-1.709,-0.246,-0.846,1.114,5.729,-0.119,1.140,1436.7,60,0,4.75
00kizami-2_05,00kizami-2_norm.mp4,62.33,40.56,86.60,-1.619,-0.264,-0.861,1.113,5.729,-0.119,1.140,1436.7,60,0,4.75
00kizami-2_06,00kizami-2_norm.mp4,65.68,44.33,88.25,-1.292,-0.163,-0.618,1.152,5.729,-0.119,1.140,1436.7,60,0,4.75
00kizami-2_07,00kizami-2_norm.mp4,52.69,19.59,80.53,-1.442,-0.103,-0.334,1.121,5.729,-0.119,1.140,1436.7,60,0,4.75
00kizami-2_08,00kizami-2_norm.mp4,60.66,32.92,83.39,-1.292,-0.182,-0.496,1.170,5.729,-0.119,1.140,1436.7,60,0,4.75
00kizami-3_01,00kizami-3_norm.mp4,67.58,1.82,89.35,-1.218,-1.182,-1.080,-0.202,5.901,-0.067,1.186,1469.8,60,0,7.18
00kizami-3_02,00kizami-3_norm.mp4,64.78,6.80,89.60,-1.630,-1.284,-1.514,-0.188,5.901,-0.067,1.186,1469.8,58,0,7.18
00kizami-3_03,00kizami-3_norm.mp4,62.80,18.22,89.29,-1.777,-1.278,-1.664,-0.208,5.901,-0.067,1.186,1469.8,60,0,7.18
00kizami-3_04,00kizami-3_norm.mp4,69.28,18.58,88.34,-1.783,-1.250,-1.716,-0.043,5.901,-0.067,1.186,1469.8,58,0,7.18
00kizami-3_05,00kizami-3_norm.mp4,79.41,31.86,89.73,-1.668,-1.227,-1.614,0.075,5.901,-0.067,1.186,1469.8,60,0,7.18
00kizami-3_06,00kizami-3_norm.mp4,75.95,16.21,88.38,-1.709,-1.235,-1.542,-0.089,5.901,-0.067,1.186,1469.8,58,0,7.18
00kizami-4_01,00kizami-4_norm.mp4,61.51,8.08,89.57,-1.264,-0.914,-1.197,0.079,5.614,-0.067,1.112,1413.8,58,0,4.01
00kizami-4_02,00kizami-4_norm.mp4,70.41,27.96,90.00,-1.166,-0.891,-1.074,0.145,5.614,-0.067,1.112,1413.8,56,0,4.01
00kizami-4_03,00kizami-4_norm.mp4,69.16,14.80,85.80,-1.127,-0.883,-1.202,0.084,5.614,-0.067,1.112,1413.8,60,0,4.01
00kizami-4_04,00kizami-4_norm.mp4,66.92,24.79,89.19,-1.221,-0.901,-1.214,0.207,5.614,-0.067,1.112,1413.8,60,0,4.01
00kizami-4_05,00kizami-4_norm.mp4,71.17,12.53,87.39,-1.233,-0.918,-1.089,0.261,5.614,-0.067,1.112,1413.8,58,0,4.01
00kizami-4_06,00kizami-4_norm.mp4,72.02,12.94,88.71,-1.185,-0.927,-1.288,0.283,5.614,-0.067,1.112,1413.8,60,0,4.01
00kizami-4_07,00kizami-4_norm.mp4,71.71,14.79,86.06,-1.305,-0.944,-1.221,0.164,5.614,-0.067,1.112,1413.8,60,0,4.01
00kizami-4_08,00kizami-4_norm.mp4,71.98,17.76,87.58,-1.256,-0.924,-1.194,0.391,5.614,-0.067,1.112,1413.8,60,0,4.01
00kizami-6_01,00kizami-6_norm.mp4,76.43,26.64,89.83,-0.854,-1.034,-0.700,0.400,6.407,0.249,1.366,1633.2,60,0,7.93
00kizami-6_02,00kizami-6_norm.mp4,80.73,22.34,89.34,-0.310,-1.166,-0.268,0.217,6.407,0.249,1.366,1633.2,60,0,7.93
00kizami-6_03,00kizami-6_norm.mp4,76.84,26.98,88.60,-0.330,-1.282,-0.192,0.078,6.407,0.249,1.366,1633.2,60,0,7.93
00kizami-6_04,00kizami-6_norm.mp4,83.59,28.93,89.47,-0.211,-1.136,-0.252,0.266,6.407,0.249,1.366,1633.2,60,0,7.93
00kizami-6_05,00kizami-6_norm.mp4,82.17,22.55,89.91,-0.175,-1.139,-0.077,0.264,6.407,0.249,1.366,1633.2,60,0,7.93
00kizami-6_06,00kizami-6_norm.mp4,80.71,29.77,88.90,-0.338,-1.171,-0.429,0.074,6.407,0.249,1.366,1633.2,60,0,7.93
00kizami-6_07,00kizami-6_norm.mp4,68.83,8.18,88.17,-0.959,-1.145,-0.540,0.108,6.407,0.249,1.366,1633.2,60,0,7.93
00kizami-6_08,00kizami-6_norm.mp4,74.04,11.08,89.83,-0.721,-1.190,-0.402,0.086,6.407,0.249,1.366,1633.2,60,0,7.93
00kizami-8_01,00kizami-8_norm.mp4,29.89,5.31,52.35,-1.748,-0.273,0.116,0.877,6.425,-0.058,1.342,1623.5,54,0,6.51
00kizami-8_02,00kizami-8_norm.mp4,29.07,6.99,52.36,-1.767,-0.293,0.185,0.860,6.425,-0.058,1.342,1623.5,56,0,6.51
00kizami-8_03,00kizami-8_norm.mp4,32.37,5.04,55.77,-1.569,-0.351,0.203,0.852,6.425,-0.058,1.342,1623.5,54,0,6.51
00kizami-8_04,00kizami-8_norm.mp4,33.37,4.56,57.56,-1.709,-0.366,0.168,0.866,6.425,-0.058,1.342,1623.5,54,0,6.51
00kizami-8_05,00kizami-8_norm.mp4,37.74,4.23,61.85,-1.276,-0.296,0.219,0.876,6.425,-0.058,1.342,1623.5,58,0,6.51
00kizami-8_06,00kizami-8_norm.mp4,31.52,6.56,63.10,-1.529,-0.202,0.221,0.889,6.425,-0.058,1.342,1623.5,60,0,6.51
00kizami-8_07,00kizami-8_norm.mp4,33.44,8.86,61.07,-1.413,-0.132,0.182,0.905,6.425,-0.058,1.342,1623.5,60,0,6.51
00kizami-8_08,00kizami-8_norm.mp4,36.83,1.52,62.33,-1.560,-0.315,0.160,0.886,6.425,-0.058,1.342,1623.5,60,2,6.51
00kizami-9_01,00kizami-9_norm.mp4,62.52,41.89,86.75,-0.816,0.271,-0.026,1.239,4.323,-4.271,1.265,1935.4,60,0,3.60
00kizami-9_02,00kizami-9_norm.mp4,65.68,57.74,89.29,-1.070,0.195,-0.377,1.308,4.323,-4.271,1.265,1935.4,60,0,3.60
00kizami-9_03,00kizami-9_norm.mp4,65.34,50.62,86.68,-1.066,0.211,-0.279,1.192,4.323,-4.271,1.265,1935.4,60,0,3.60
00kizami-9_04,00kizami-9_norm.mp4,69.68,54.57,89.06,-0.792,0.143,-0.080,1.082,4.323,-4.271,1.265,1935.4,60,0,3.60
00kizami-9_05,00kizami-9_norm.mp4,69.38,57.41,86.74,-0.797,-0.016,-0.127,0.982,4.323,-4.271,1.265,1935.4,60,0,3.60
00kizami-9_06,00kizami-9_norm.mp4,66.33,54.70,87.74,-0.968,0.082,-0.337,1.117,4.323,-4.271,1.265,1935.4,60,0,3.60
00kizami-9_07,00kizami-9_norm.mp4,70.02,56.69,89.23,-0.992,0.001,-0.360,1.130,4.323,-4.271,1.265,1935.4,60,0,3.60
00kizami-9_08,00kizami-9_norm.mp4,68.84,56.74,89.94,-1.382,0.016,-0.614,1.105,4.323,-4.271,1.265,1935.4,60,0,3.60
